2025-05-23 10:32:00,176 - __main__ - INFO - app:run_server:126 - 
🛑 Server stopped by user (Ctrl+C).
2025-05-23 10:32:08,441 - root - INFO - logger:setup_logging:63 - Root logging configured. Level: DEBUG. Output to console. Output to file: logs/server_app.log.
2025-05-23 10:32:08,441 - __main__ - INFO - app:create_soap_application:34 - Creating Spyne SOAP application.
2025-05-23 10:32:08,441 - spyne.application - INFO - application:__init__:118 - Initializing application {insurance.services}Application...
2025-05-23 10:32:08,441 - spyne.interface._base - DEBUG - _base:populate_interface:332 - populating services.soap_service.InsuranceSoapService types...
2025-05-23 10:32:08,442 - spyne.interface._base - DEBUG - _base:populate_interface:352 -   enumerating classes for method 'SendRequest'
2025-05-23 10:32:08,442 - spyne.interface._base - DEBUG - _base:add_class:442 -     adding class "<class 'spyne.model.complex.SendRequest'>" for '{insurance.services}SendRequest'
2025-05-23 10:32:08,442 - spyne.interface._base - DEBUG - _base:add_class:481 -     adding SendRequest.UserName = <class 'spyne.model.primitive.string.Unicode'>
2025-05-23 10:32:08,442 - spyne.interface._base - DEBUG - _base:add_class:442 -     adding class "<class 'spyne.model.primitive.string.Unicode'>" for '{http://www.w3.org/2001/XMLSchema}string'
2025-05-23 10:32:08,442 - spyne.interface._base - DEBUG - _base:add_class:481 -     adding SendRequest.Password = <class 'spyne.model.primitive.string.Unicode'>
2025-05-23 10:32:08,442 - spyne.interface._base - DEBUG - _base:add_class:481 -     adding SendRequest.RequestType = <class 'spyne.model.primitive.string.Unicode'>
2025-05-23 10:32:08,442 - spyne.interface._base - DEBUG - _base:add_class:481 -     adding SendRequest.XMLData = <class 'spyne.model.primitive.string.Unicode'>
2025-05-23 10:32:08,442 - spyne.interface._base - DEBUG - _base:add_class:442 -     adding class "<class 'spyne.model.complex.SendRequestResponse'>" for '{insurance.services}SendRequestResponse'
2025-05-23 10:32:08,442 - spyne.interface._base - DEBUG - _base:add_class:481 -     adding SendRequestResponse.SendRequestResult = <class 'models.soap_responses.SendRequestOutput'>
2025-05-23 10:32:08,442 - spyne.interface._base - DEBUG - _base:add_class:442 -     adding class "<class 'models.soap_responses.SendRequestOutput'>" for '{models.soap_responses}SendRequestOutput'
2025-05-23 10:32:08,442 - spyne.interface._base - DEBUG - _base:add_class:494 -     importing 'models.soap_responses' to 'insurance.services' for SendRequestResponse.SendRequestResult(<class 'models.soap_responses.SendRequestOutput'>)
2025-05-23 10:32:08,442 - spyne.interface._base - DEBUG - _base:populate_interface:364 - populating 'services.soap_service.InsuranceSoapService' routes...
2025-05-23 10:32:08,442 - spyne.interface._base - DEBUG - _base:process_method:289 -   adding method InsuranceSoapService.SendRequest to match '{insurance.services}SendRequest' tag.
2025-05-23 10:32:08,442 - spyne.interface._base - DEBUG - _base:populate_interface:396 - From this point on, you're not supposed to make any changes to the class and method structure of the exposed services.
2025-05-23 10:32:08,442 - spyne.interface.xml_schema - DEBUG - _base:build_validation_schema:211 - generating schema for targetNamespace='insurance.services', prefix: 'tns' in dir '/var/folders/3x/nl8kkdyn2xn8qyxj810mxzvh0000gn/T/spynealys3jji'
2025-05-23 10:32:08,443 - spyne.interface.xml_schema - DEBUG - _base:build_validation_schema:221 - writing '/var/folders/3x/nl8kkdyn2xn8qyxj810mxzvh0000gn/T/spynealys3jji/tns.xsd' for ns insurance.services
2025-05-23 10:32:08,443 - spyne.interface.xml_schema - DEBUG - _base:build_validation_schema:221 - writing '/var/folders/3x/nl8kkdyn2xn8qyxj810mxzvh0000gn/T/spynealys3jji/s0.xsd' for ns models.soap_responses
2025-05-23 10:32:08,443 - spyne.interface.xml_schema - DEBUG - _base:build_validation_schema:237 - Schema built. Removed '/var/folders/3x/nl8kkdyn2xn8qyxj810mxzvh0000gn/T/spynealys3jji'
2025-05-23 10:32:08,444 - spyne.util.appreg - DEBUG - appreg:register_application:84 - Registering <spyne.application.Application object at 0x105d85150> as ('insurance.services', 'Application')
2025-05-23 10:32:08,444 - __main__ - INFO - app:create_soap_application:41 - Spyne application created.
2025-05-23 10:32:08,446 - __main__ - INFO - app:run_server:84 - Attempting to configure SSL.
2025-05-23 10:32:08,446 - __main__ - INFO - app:validate_ssl_files:51 - Validating SSL certificate: /Users/milanstojanovski/Projects/soap-web-services/server/ssl/cert.pem and key: /Users/milanstojanovski/Projects/soap-web-services/server/ssl/key.pem
2025-05-23 10:32:08,447 - __main__ - INFO - app:validate_ssl_files:56 - SSL certificate and key validated successfully.
2025-05-23 10:32:08,448 - __main__ - INFO - app:run_server:102 - 🔐 SSL enabled successfully using:
2025-05-23 10:32:08,448 - __main__ - INFO - app:run_server:103 -     Certificate: /Users/milanstojanovski/Projects/soap-web-services/server/ssl/cert.pem
2025-05-23 10:32:08,448 - __main__ - INFO - app:run_server:104 -     Private Key: /Users/milanstojanovski/Projects/soap-web-services/server/ssl/key.pem
2025-05-23 10:32:08,448 - __main__ - INFO - app:run_server:118 - 
🌍 Starting SOAP server at https://localhost:8000
2025-05-23 10:32:08,448 - __main__ - INFO - app:run_server:119 -    WSDL available at: https://localhost:8000/?wsdl
2025-05-23 10:32:08,448 - __main__ - INFO - app:run_server:120 - ⚙️  System mode: TEST
2025-05-23 10:32:08,448 - __main__ - INFO - app:run_server:121 - 🛑 Press Ctrl+C to stop

2025-05-23 10:32:13,250 - spyne.server.wsgi - DEBUG - wsgi:_get_http_headers:155 - Add http header 'host' = ['localhost:8000']
2025-05-23 10:32:13,251 - spyne.server.wsgi - DEBUG - wsgi:_get_http_headers:155 - Add http header 'user_agent' = ['Zeep/4.3.1 (www.python-zeep.org)']
2025-05-23 10:32:13,251 - spyne.server.wsgi - DEBUG - wsgi:_get_http_headers:155 - Add http header 'accept_encoding' = ['gzip, deflate']
2025-05-23 10:32:13,251 - spyne.server.wsgi - DEBUG - wsgi:_get_http_headers:155 - Add http header 'accept' = ['*/*']
2025-05-23 10:32:13,251 - spyne.server.wsgi - DEBUG - wsgi:_get_http_headers:155 - Add http header 'connection' = ['keep-alive']
2025-05-23 10:32:13,274 - spyne - DEBUG - context:close:406 - gc.collect() took around 20ms.
2025-05-23 10:32:13,292 - spyne.server.wsgi - DEBUG - wsgi:_get_http_headers:155 - Add http header 'host' = ['localhost:8000']
2025-05-23 10:32:13,292 - spyne.server.wsgi - DEBUG - wsgi:_get_http_headers:155 - Add http header 'user_agent' = ['Zeep/4.3.1 (www.python-zeep.org)']
2025-05-23 10:32:13,292 - spyne.server.wsgi - DEBUG - wsgi:_get_http_headers:155 - Add http header 'accept_encoding' = ['gzip, deflate']
2025-05-23 10:32:13,292 - spyne.server.wsgi - DEBUG - wsgi:_get_http_headers:155 - Add http header 'accept' = ['*/*']
2025-05-23 10:32:13,292 - spyne.server.wsgi - DEBUG - wsgi:_get_http_headers:155 - Add http header 'connection' = ['keep-alive']
2025-05-23 10:32:13,292 - spyne.server.wsgi - DEBUG - wsgi:_get_http_headers:155 - Add http header 'soapaction' = ['"SendRequest"']
2025-05-23 10:32:13,293 - services.soap_service - INFO - soap_service:__init__:33 - DataSecurity initialized successfully in InsuranceSoapService instance (id: 4391737232).
2025-05-23 10:32:13,293 - services.soap_service - DEBUG - soap_service:SendRequest:172 - SendRequest called. Service instance id: 4391737232
2025-05-23 10:32:13,293 - services.soap_service - INFO - soap_service:SendRequest:174 - SendRequest(User='admin', ReqType='SendRegistration'): Received request
2025-05-23 10:32:13,293 - services.soap_service - DEBUG - soap_service:SendRequest:182 - SendRequest(User='admin', ReqType='SendRegistration'): Authenticating...
2025-05-23 10:32:13,293 - services.soap_service - DEBUG - soap_service:SendRequest:187 - SendRequest(User='admin', ReqType='SendRegistration'): Decrypting payload...
2025-05-23 10:32:13,294 - services.soap_service - DEBUG - soap_service:SendRequest:193 - SendRequest(User='admin', ReqType='SendRegistration'): Parsing XML...
2025-05-23 10:32:13,294 - services.soap_service - INFO - soap_service:_call_handler_method:79 - [Handler:SendRegistration] Starting processing.
2025-05-23 10:32:13,294 - models.base_model - ERROR - base_model:from_xml_element:125 - Error parsing nested model <Policy> for SendRegistrationInputData.Policy: Empty tag name
2025-05-23 10:32:13,294 - services.soap_service - ERROR - soap_service:_call_handler_method:87 - [Handler:SendRegistration] ValueError during processing: Error in nested model <Policy> for Policy: Empty tag name
Traceback (most recent call last):
  File "/Users/milanstojanovski/Projects/soap-web-services/server/models/base_model.py", line 122, in from_xml_element
    data[field_py_name] = field_type_actual.from_xml_element(el)
                          ^^^^^^^^^^^^^^^^^^^^^^^^^^^^^^^^^^^^^^
  File "/Users/milanstojanovski/Projects/soap-web-services/server/models/base_model.py", line 95, in from_xml_element
    found_elements = xml_element.findall(xml_tag_name)
                     ^^^^^^^^^^^^^^^^^^^^^^^^^^^^^^^^^
  File "src/lxml/etree.pyx", line 1600, in lxml.etree._Element.findall
  File "src/lxml/_elementpath.py", line 330, in lxml._elementpath.findall
  File "src/lxml/_elementpath.py", line 101, in select
  File "src/lxml/_elementpath.py", line 102, in select
  File "src/lxml/etree.pyx", line 1479, in lxml.etree._Element.iterchildren
  File "src/lxml/etree.pyx", line 2912, in lxml.etree.ElementChildIterator.__cinit__
  File "src/lxml/etree.pyx", line 2883, in lxml.etree._ElementMatchIterator._initTagMatcher
  File "src/lxml/etree.pyx", line 2750, in lxml.etree._MultiTagMatcher.__cinit__
  File "src/lxml/etree.pyx", line 2789, in lxml.etree._MultiTagMatcher.initTagMatch
  File "src/lxml/etree.pyx", line 2820, in lxml.etree._MultiTagMatcher._storeTags
  File "src/lxml/etree.pyx", line 2807, in lxml.etree._MultiTagMatcher._storeTags
  File "src/lxml/apihelpers.pxi", line 1654, in lxml.etree._getNsTag
  File "src/lxml/apihelpers.pxi", line 1689, in lxml.etree.__getNsTag
ValueError: Empty tag name

The above exception was the direct cause of the following exception:

Traceback (most recent call last):
  File "/Users/milanstojanovski/Projects/soap-web-services/server/services/soap_service.py", line 83, in _call_handler_method
    result_xml_str = actual_handler(xml_input_root)
                     ^^^^^^^^^^^^^^^^^^^^^^^^^^^^^^
  File "/Users/milanstojanovski/Projects/soap-web-services/server/services/soap_service.py", line 95, in _handle_send_registration
    input_data = SendRegistrationInputData.from_xml_element(xml_input_root)
                 ^^^^^^^^^^^^^^^^^^^^^^^^^^^^^^^^^^^^^^^^^^^^^^^^^^^^^^^^^^
  File "/Users/milanstojanovski/Projects/soap-web-services/server/models/base_model.py", line 126, in from_xml_element
    raise ValueError(f"Error in nested model <{xml_tag_name}> for {field_py_name}: {e_nested}") from e_nested
ValueError: Error in nested model <Policy> for Policy: Empty tag name
2025-05-23 10:32:13,296 - services.soap_service - ERROR - soap_service:SendRequest:214 - SendRequest(User='admin', ReqType='SendRegistration'): Processing error: ValueError - Error in nested model <Policy> for Policy: Empty tag name
Traceback (most recent call last):
  File "/Users/milanstojanovski/Projects/soap-web-services/server/models/base_model.py", line 122, in from_xml_element
    data[field_py_name] = field_type_actual.from_xml_element(el)
                          ^^^^^^^^^^^^^^^^^^^^^^^^^^^^^^^^^^^^^^
  File "/Users/milanstojanovski/Projects/soap-web-services/server/models/base_model.py", line 95, in from_xml_element
    found_elements = xml_element.findall(xml_tag_name)
                     ^^^^^^^^^^^^^^^^^^^^^^^^^^^^^^^^^
  File "src/lxml/etree.pyx", line 1600, in lxml.etree._Element.findall
  File "src/lxml/_elementpath.py", line 330, in lxml._elementpath.findall
  File "src/lxml/_elementpath.py", line 101, in select
  File "src/lxml/_elementpath.py", line 102, in select
  File "src/lxml/etree.pyx", line 1479, in lxml.etree._Element.iterchildren
  File "src/lxml/etree.pyx", line 2912, in lxml.etree.ElementChildIterator.__cinit__
  File "src/lxml/etree.pyx", line 2883, in lxml.etree._ElementMatchIterator._initTagMatcher
  File "src/lxml/etree.pyx", line 2750, in lxml.etree._MultiTagMatcher.__cinit__
  File "src/lxml/etree.pyx", line 2789, in lxml.etree._MultiTagMatcher.initTagMatch
  File "src/lxml/etree.pyx", line 2820, in lxml.etree._MultiTagMatcher._storeTags
  File "src/lxml/etree.pyx", line 2807, in lxml.etree._MultiTagMatcher._storeTags
  File "src/lxml/apihelpers.pxi", line 1654, in lxml.etree._getNsTag
  File "src/lxml/apihelpers.pxi", line 1689, in lxml.etree.__getNsTag
ValueError: Empty tag name

The above exception was the direct cause of the following exception:

Traceback (most recent call last):
  File "/Users/milanstojanovski/Projects/soap-web-services/server/services/soap_service.py", line 211, in SendRequest
    output_xml_payload = service._call_handler_method(handler_name, xml_root, RequestType)
                         ^^^^^^^^^^^^^^^^^^^^^^^^^^^^^^^^^^^^^^^^^^^^^^^^^^^^^^^^^^^^^^^^^
  File "/Users/milanstojanovski/Projects/soap-web-services/server/services/soap_service.py", line 83, in _call_handler_method
    result_xml_str = actual_handler(xml_input_root)
                     ^^^^^^^^^^^^^^^^^^^^^^^^^^^^^^
  File "/Users/milanstojanovski/Projects/soap-web-services/server/services/soap_service.py", line 95, in _handle_send_registration
    input_data = SendRegistrationInputData.from_xml_element(xml_input_root)
                 ^^^^^^^^^^^^^^^^^^^^^^^^^^^^^^^^^^^^^^^^^^^^^^^^^^^^^^^^^^
  File "/Users/milanstojanovski/Projects/soap-web-services/server/models/base_model.py", line 126, in from_xml_element
    raise ValueError(f"Error in nested model <{xml_tag_name}> for {field_py_name}: {e_nested}") from e_nested
ValueError: Error in nested model <Policy> for Policy: Empty tag name
2025-05-23 10:32:13,296 - services.soap_service - DEBUG - soap_service:_get_pdf_compliant_error_message:54 - [SendRequest(User='admin', ReqType='SendRegistration')] Mapping exception: ValueError - 'Error in nested model <Policy> for Policy: Empty tag name'
Traceback (most recent call last):
  File "/Users/milanstojanovski/Projects/soap-web-services/server/models/base_model.py", line 122, in from_xml_element
    data[field_py_name] = field_type_actual.from_xml_element(el)
                          ^^^^^^^^^^^^^^^^^^^^^^^^^^^^^^^^^^^^^^
  File "/Users/milanstojanovski/Projects/soap-web-services/server/models/base_model.py", line 95, in from_xml_element
    found_elements = xml_element.findall(xml_tag_name)
                     ^^^^^^^^^^^^^^^^^^^^^^^^^^^^^^^^^
  File "src/lxml/etree.pyx", line 1600, in lxml.etree._Element.findall
  File "src/lxml/_elementpath.py", line 330, in lxml._elementpath.findall
  File "src/lxml/_elementpath.py", line 101, in select
  File "src/lxml/_elementpath.py", line 102, in select
  File "src/lxml/etree.pyx", line 1479, in lxml.etree._Element.iterchildren
  File "src/lxml/etree.pyx", line 2912, in lxml.etree.ElementChildIterator.__cinit__
  File "src/lxml/etree.pyx", line 2883, in lxml.etree._ElementMatchIterator._initTagMatcher
  File "src/lxml/etree.pyx", line 2750, in lxml.etree._MultiTagMatcher.__cinit__
  File "src/lxml/etree.pyx", line 2789, in lxml.etree._MultiTagMatcher.initTagMatch
  File "src/lxml/etree.pyx", line 2820, in lxml.etree._MultiTagMatcher._storeTags
  File "src/lxml/etree.pyx", line 2807, in lxml.etree._MultiTagMatcher._storeTags
  File "src/lxml/apihelpers.pxi", line 1654, in lxml.etree._getNsTag
  File "src/lxml/apihelpers.pxi", line 1689, in lxml.etree.__getNsTag
ValueError: Empty tag name

The above exception was the direct cause of the following exception:

Traceback (most recent call last):
  File "/Users/milanstojanovski/Projects/soap-web-services/server/services/soap_service.py", line 211, in SendRequest
    output_xml_payload = service._call_handler_method(handler_name, xml_root, RequestType)
                         ^^^^^^^^^^^^^^^^^^^^^^^^^^^^^^^^^^^^^^^^^^^^^^^^^^^^^^^^^^^^^^^^^
  File "/Users/milanstojanovski/Projects/soap-web-services/server/services/soap_service.py", line 83, in _call_handler_method
    result_xml_str = actual_handler(xml_input_root)
                     ^^^^^^^^^^^^^^^^^^^^^^^^^^^^^^
  File "/Users/milanstojanovski/Projects/soap-web-services/server/services/soap_service.py", line 95, in _handle_send_registration
    input_data = SendRegistrationInputData.from_xml_element(xml_input_root)
                 ^^^^^^^^^^^^^^^^^^^^^^^^^^^^^^^^^^^^^^^^^^^^^^^^^^^^^^^^^^
  File "/Users/milanstojanovski/Projects/soap-web-services/server/models/base_model.py", line 126, in from_xml_element
    raise ValueError(f"Error in nested model <{xml_tag_name}> for {field_py_name}: {e_nested}") from e_nested
ValueError: Error in nested model <Policy> for Policy: Empty tag name
2025-05-23 10:32:13,297 - services.soap_service - ERROR - soap_service:_get_pdf_compliant_error_message:73 - [SendRequest(User='admin', ReqType='SendRegistration')] Unhandled exception type, mapping to 'Inner exception': ValueError - Error in nested model <Policy> for Policy: Empty tag name
Traceback (most recent call last):
  File "/Users/milanstojanovski/Projects/soap-web-services/server/models/base_model.py", line 122, in from_xml_element
    data[field_py_name] = field_type_actual.from_xml_element(el)
                          ^^^^^^^^^^^^^^^^^^^^^^^^^^^^^^^^^^^^^^
  File "/Users/milanstojanovski/Projects/soap-web-services/server/models/base_model.py", line 95, in from_xml_element
    found_elements = xml_element.findall(xml_tag_name)
                     ^^^^^^^^^^^^^^^^^^^^^^^^^^^^^^^^^
  File "src/lxml/etree.pyx", line 1600, in lxml.etree._Element.findall
  File "src/lxml/_elementpath.py", line 330, in lxml._elementpath.findall
  File "src/lxml/_elementpath.py", line 101, in select
  File "src/lxml/_elementpath.py", line 102, in select
  File "src/lxml/etree.pyx", line 1479, in lxml.etree._Element.iterchildren
  File "src/lxml/etree.pyx", line 2912, in lxml.etree.ElementChildIterator.__cinit__
  File "src/lxml/etree.pyx", line 2883, in lxml.etree._ElementMatchIterator._initTagMatcher
  File "src/lxml/etree.pyx", line 2750, in lxml.etree._MultiTagMatcher.__cinit__
  File "src/lxml/etree.pyx", line 2789, in lxml.etree._MultiTagMatcher.initTagMatch
  File "src/lxml/etree.pyx", line 2820, in lxml.etree._MultiTagMatcher._storeTags
  File "src/lxml/etree.pyx", line 2807, in lxml.etree._MultiTagMatcher._storeTags
  File "src/lxml/apihelpers.pxi", line 1654, in lxml.etree._getNsTag
  File "src/lxml/apihelpers.pxi", line 1689, in lxml.etree.__getNsTag
ValueError: Empty tag name

The above exception was the direct cause of the following exception:

Traceback (most recent call last):
  File "/Users/milanstojanovski/Projects/soap-web-services/server/services/soap_service.py", line 211, in SendRequest
    output_xml_payload = service._call_handler_method(handler_name, xml_root, RequestType)
                         ^^^^^^^^^^^^^^^^^^^^^^^^^^^^^^^^^^^^^^^^^^^^^^^^^^^^^^^^^^^^^^^^^
  File "/Users/milanstojanovski/Projects/soap-web-services/server/services/soap_service.py", line 83, in _call_handler_method
    result_xml_str = actual_handler(xml_input_root)
                     ^^^^^^^^^^^^^^^^^^^^^^^^^^^^^^
  File "/Users/milanstojanovski/Projects/soap-web-services/server/services/soap_service.py", line 95, in _handle_send_registration
    input_data = SendRegistrationInputData.from_xml_element(xml_input_root)
                 ^^^^^^^^^^^^^^^^^^^^^^^^^^^^^^^^^^^^^^^^^^^^^^^^^^^^^^^^^^
  File "/Users/milanstojanovski/Projects/soap-web-services/server/models/base_model.py", line 126, in from_xml_element
    raise ValueError(f"Error in nested model <{xml_tag_name}> for {field_py_name}: {e_nested}") from e_nested
ValueError: Error in nested model <Policy> for Policy: Empty tag name
2025-05-23 10:32:13,298 - services.soap_service - ERROR - soap_service:_create_error_payload_xml_str:48 - CRITICAL: Failed to create structured error XML: too many values to unpack (expected 2). Original error: 'Inner exception'
Traceback (most recent call last):
  File "/Users/milanstojanovski/Projects/soap-web-services/server/models/base_model.py", line 122, in from_xml_element
    data[field_py_name] = field_type_actual.from_xml_element(el)
                          ^^^^^^^^^^^^^^^^^^^^^^^^^^^^^^^^^^^^^^
  File "/Users/milanstojanovski/Projects/soap-web-services/server/models/base_model.py", line 95, in from_xml_element
    found_elements = xml_element.findall(xml_tag_name)
                     ^^^^^^^^^^^^^^^^^^^^^^^^^^^^^^^^^
  File "src/lxml/etree.pyx", line 1600, in lxml.etree._Element.findall
  File "src/lxml/_elementpath.py", line 330, in lxml._elementpath.findall
  File "src/lxml/_elementpath.py", line 101, in select
  File "src/lxml/_elementpath.py", line 102, in select
  File "src/lxml/etree.pyx", line 1479, in lxml.etree._Element.iterchildren
  File "src/lxml/etree.pyx", line 2912, in lxml.etree.ElementChildIterator.__cinit__
  File "src/lxml/etree.pyx", line 2883, in lxml.etree._ElementMatchIterator._initTagMatcher
  File "src/lxml/etree.pyx", line 2750, in lxml.etree._MultiTagMatcher.__cinit__
  File "src/lxml/etree.pyx", line 2789, in lxml.etree._MultiTagMatcher.initTagMatch
  File "src/lxml/etree.pyx", line 2820, in lxml.etree._MultiTagMatcher._storeTags
  File "src/lxml/etree.pyx", line 2807, in lxml.etree._MultiTagMatcher._storeTags
  File "src/lxml/apihelpers.pxi", line 1654, in lxml.etree._getNsTag
  File "src/lxml/apihelpers.pxi", line 1689, in lxml.etree.__getNsTag
ValueError: Empty tag name

The above exception was the direct cause of the following exception:

Traceback (most recent call last):
  File "/Users/milanstojanovski/Projects/soap-web-services/server/services/soap_service.py", line 211, in SendRequest
    output_xml_payload = service._call_handler_method(handler_name, xml_root, RequestType)
                         ^^^^^^^^^^^^^^^^^^^^^^^^^^^^^^^^^^^^^^^^^^^^^^^^^^^^^^^^^^^^^^^^^
  File "/Users/milanstojanovski/Projects/soap-web-services/server/services/soap_service.py", line 83, in _call_handler_method
    result_xml_str = actual_handler(xml_input_root)
                     ^^^^^^^^^^^^^^^^^^^^^^^^^^^^^^
  File "/Users/milanstojanovski/Projects/soap-web-services/server/services/soap_service.py", line 95, in _handle_send_registration
    input_data = SendRegistrationInputData.from_xml_element(xml_input_root)
                 ^^^^^^^^^^^^^^^^^^^^^^^^^^^^^^^^^^^^^^^^^^^^^^^^^^^^^^^^^^
  File "/Users/milanstojanovski/Projects/soap-web-services/server/models/base_model.py", line 126, in from_xml_element
    raise ValueError(f"Error in nested model <{xml_tag_name}> for {field_py_name}: {e_nested}") from e_nested
ValueError: Error in nested model <Policy> for Policy: Empty tag name

During handling of the above exception, another exception occurred:

Traceback (most recent call last):
  File "/Users/milanstojanovski/Projects/soap-web-services/server/services/soap_service.py", line 42, in _create_error_payload_xml_str
    xml_element = error_model.to_xml_element(root_tag_name_override="root")
                  ^^^^^^^^^^^^^^^^^^^^^^^^^^^^^^^^^^^^^^^^^^^^^^^^^^^^^^^^^
  File "/Users/milanstojanovski/Projects/soap-web-services/server/models/base_model.py", line 42, in to_xml_element
    for field_name, value in self.model_dump(exclude_none=True, by_alias=False):
        ^^^^^^^^^^^^^^^^^
ValueError: too many values to unpack (expected 2)
2025-05-23 10:32:13,299 - services.soap_service - INFO - soap_service:SendRequest:241 - SendRequest(User='admin', ReqType='SendRegistration'): Completed with status 0
2025-05-23 10:43:24,335 - __main__ - INFO - app:run_server:126 - 
🛑 Server stopped by user (Ctrl+C).
2025-05-23 10:43:25,972 - root - INFO - logger:setup_logging:63 - Root logging configured. Level: DEBUG. Output to console. Output to file: logs/server_app.log.
2025-05-23 10:43:25,972 - __main__ - INFO - app:create_soap_application:34 - Creating Spyne SOAP application.
2025-05-23 10:43:25,972 - spyne.application - INFO - application:__init__:118 - Initializing application {insurance.services}Application...
2025-05-23 10:43:25,972 - spyne.interface._base - DEBUG - _base:populate_interface:332 - populating services.soap_service.InsuranceSoapService types...
2025-05-23 10:43:25,972 - spyne.interface._base - DEBUG - _base:populate_interface:352 -   enumerating classes for method 'SendRequest'
2025-05-23 10:43:25,972 - spyne.interface._base - DEBUG - _base:add_class:442 -     adding class "<class 'spyne.model.complex.SendRequest'>" for '{insurance.services}SendRequest'
2025-05-23 10:43:25,972 - spyne.interface._base - DEBUG - _base:add_class:481 -     adding SendRequest.UserName = <class 'spyne.model.primitive.string.Unicode'>
2025-05-23 10:43:25,972 - spyne.interface._base - DEBUG - _base:add_class:442 -     adding class "<class 'spyne.model.primitive.string.Unicode'>" for '{http://www.w3.org/2001/XMLSchema}string'
2025-05-23 10:43:25,972 - spyne.interface._base - DEBUG - _base:add_class:481 -     adding SendRequest.Password = <class 'spyne.model.primitive.string.Unicode'>
2025-05-23 10:43:25,972 - spyne.interface._base - DEBUG - _base:add_class:481 -     adding SendRequest.RequestType = <class 'spyne.model.primitive.string.Unicode'>
2025-05-23 10:43:25,972 - spyne.interface._base - DEBUG - _base:add_class:481 -     adding SendRequest.XMLData = <class 'spyne.model.primitive.string.Unicode'>
2025-05-23 10:43:25,972 - spyne.interface._base - DEBUG - _base:add_class:442 -     adding class "<class 'spyne.model.complex.SendRequestResponse'>" for '{insurance.services}SendRequestResponse'
2025-05-23 10:43:25,972 - spyne.interface._base - DEBUG - _base:add_class:481 -     adding SendRequestResponse.SendRequestResult = <class 'models.soap_responses.SendRequestOutput'>
2025-05-23 10:43:25,972 - spyne.interface._base - DEBUG - _base:add_class:442 -     adding class "<class 'models.soap_responses.SendRequestOutput'>" for '{models.soap_responses}SendRequestOutput'
2025-05-23 10:43:25,972 - spyne.interface._base - DEBUG - _base:add_class:494 -     importing 'models.soap_responses' to 'insurance.services' for SendRequestResponse.SendRequestResult(<class 'models.soap_responses.SendRequestOutput'>)
2025-05-23 10:43:25,972 - spyne.interface._base - DEBUG - _base:populate_interface:364 - populating 'services.soap_service.InsuranceSoapService' routes...
2025-05-23 10:43:25,972 - spyne.interface._base - DEBUG - _base:process_method:289 -   adding method InsuranceSoapService.SendRequest to match '{insurance.services}SendRequest' tag.
2025-05-23 10:43:25,972 - spyne.interface._base - DEBUG - _base:populate_interface:396 - From this point on, you're not supposed to make any changes to the class and method structure of the exposed services.
2025-05-23 10:43:25,973 - spyne.interface.xml_schema - DEBUG - _base:build_validation_schema:211 - generating schema for targetNamespace='insurance.services', prefix: 'tns' in dir '/var/folders/3x/nl8kkdyn2xn8qyxj810mxzvh0000gn/T/spyneevzqpjiw'
2025-05-23 10:43:25,973 - spyne.interface.xml_schema - DEBUG - _base:build_validation_schema:221 - writing '/var/folders/3x/nl8kkdyn2xn8qyxj810mxzvh0000gn/T/spyneevzqpjiw/tns.xsd' for ns insurance.services
2025-05-23 10:43:25,973 - spyne.interface.xml_schema - DEBUG - _base:build_validation_schema:221 - writing '/var/folders/3x/nl8kkdyn2xn8qyxj810mxzvh0000gn/T/spyneevzqpjiw/s0.xsd' for ns models.soap_responses
2025-05-23 10:43:25,974 - spyne.interface.xml_schema - DEBUG - _base:build_validation_schema:237 - Schema built. Removed '/var/folders/3x/nl8kkdyn2xn8qyxj810mxzvh0000gn/T/spyneevzqpjiw'
2025-05-23 10:43:25,974 - spyne.util.appreg - DEBUG - appreg:register_application:84 - Registering <spyne.application.Application object at 0x105ccd090> as ('insurance.services', 'Application')
2025-05-23 10:43:25,974 - __main__ - INFO - app:create_soap_application:41 - Spyne application created.
2025-05-23 10:43:25,977 - __main__ - INFO - app:run_server:84 - Attempting to configure SSL.
2025-05-23 10:43:25,977 - __main__ - INFO - app:validate_ssl_files:51 - Validating SSL certificate: /Users/milanstojanovski/Projects/soap-web-services/server/ssl/cert.pem and key: /Users/milanstojanovski/Projects/soap-web-services/server/ssl/key.pem
2025-05-23 10:43:25,979 - __main__ - INFO - app:validate_ssl_files:56 - SSL certificate and key validated successfully.
2025-05-23 10:43:25,979 - __main__ - INFO - app:run_server:102 - 🔐 SSL enabled successfully using:
2025-05-23 10:43:25,979 - __main__ - INFO - app:run_server:103 -     Certificate: /Users/milanstojanovski/Projects/soap-web-services/server/ssl/cert.pem
2025-05-23 10:43:25,979 - __main__ - INFO - app:run_server:104 -     Private Key: /Users/milanstojanovski/Projects/soap-web-services/server/ssl/key.pem
2025-05-23 10:43:25,979 - __main__ - INFO - app:run_server:118 - 
🌍 Starting SOAP server at https://localhost:8000
2025-05-23 10:43:25,979 - __main__ - INFO - app:run_server:119 -    WSDL available at: https://localhost:8000/?wsdl
2025-05-23 10:43:25,979 - __main__ - INFO - app:run_server:120 - ⚙️  System mode: TEST
2025-05-23 10:43:25,979 - __main__ - INFO - app:run_server:121 - 🛑 Press Ctrl+C to stop

2025-05-23 10:43:33,632 - spyne.server.wsgi - DEBUG - wsgi:_get_http_headers:155 - Add http header 'host' = ['localhost:8000']
2025-05-23 10:43:33,633 - spyne.server.wsgi - DEBUG - wsgi:_get_http_headers:155 - Add http header 'user_agent' = ['Zeep/4.3.1 (www.python-zeep.org)']
2025-05-23 10:43:33,633 - spyne.server.wsgi - DEBUG - wsgi:_get_http_headers:155 - Add http header 'accept_encoding' = ['gzip, deflate']
2025-05-23 10:43:33,633 - spyne.server.wsgi - DEBUG - wsgi:_get_http_headers:155 - Add http header 'accept' = ['*/*']
2025-05-23 10:43:33,633 - spyne.server.wsgi - DEBUG - wsgi:_get_http_headers:155 - Add http header 'connection' = ['keep-alive']
2025-05-23 10:43:33,652 - spyne - DEBUG - context:close:406 - gc.collect() took around 20ms.
2025-05-23 10:43:33,674 - spyne.server.wsgi - DEBUG - wsgi:_get_http_headers:155 - Add http header 'host' = ['localhost:8000']
2025-05-23 10:43:33,674 - spyne.server.wsgi - DEBUG - wsgi:_get_http_headers:155 - Add http header 'user_agent' = ['Zeep/4.3.1 (www.python-zeep.org)']
2025-05-23 10:43:33,674 - spyne.server.wsgi - DEBUG - wsgi:_get_http_headers:155 - Add http header 'accept_encoding' = ['gzip, deflate']
2025-05-23 10:43:33,674 - spyne.server.wsgi - DEBUG - wsgi:_get_http_headers:155 - Add http header 'accept' = ['*/*']
2025-05-23 10:43:33,674 - spyne.server.wsgi - DEBUG - wsgi:_get_http_headers:155 - Add http header 'connection' = ['keep-alive']
2025-05-23 10:43:33,674 - spyne.server.wsgi - DEBUG - wsgi:_get_http_headers:155 - Add http header 'soapaction' = ['"SendRequest"']
2025-05-23 10:43:33,675 - services.soap_service - INFO - soap_service:__init__:33 - DataSecurity initialized successfully in InsuranceSoapService instance (id: 4361504592).
2025-05-23 10:43:33,675 - services.soap_service - DEBUG - soap_service:SendRequest:172 - SendRequest called. Service instance id: 4361504592
2025-05-23 10:43:33,675 - services.soap_service - INFO - soap_service:SendRequest:174 - SendRequest(User='admin', ReqType='SendRegistration'): Received request
2025-05-23 10:43:33,675 - services.soap_service - DEBUG - soap_service:SendRequest:182 - SendRequest(User='admin', ReqType='SendRegistration'): Authenticating...
2025-05-23 10:43:33,675 - services.soap_service - DEBUG - soap_service:SendRequest:187 - SendRequest(User='admin', ReqType='SendRegistration'): Decrypting payload...
2025-05-23 10:43:33,676 - services.soap_service - DEBUG - soap_service:SendRequest:193 - SendRequest(User='admin', ReqType='SendRegistration'): Parsing XML...
2025-05-23 10:43:33,676 - services.soap_service - INFO - soap_service:_call_handler_method:79 - [Handler:SendRegistration] Starting processing.
2025-05-23 10:43:33,676 - models.base_model - ERROR - base_model:from_xml_element:125 - Error parsing nested model <Policy> for SendRegistrationInputData.Policy: Empty tag name
2025-05-23 10:43:33,676 - services.soap_service - ERROR - soap_service:_call_handler_method:87 - [Handler:SendRegistration] ValueError during processing: Error in nested model <Policy> for Policy: Empty tag name
Traceback (most recent call last):
  File "/Users/milanstojanovski/Projects/soap-web-services/server/models/base_model.py", line 122, in from_xml_element
    data[field_py_name] = field_type_actual.from_xml_element(el)
                          ^^^^^^^^^^^^^^^^^^^^^^^^^^^^^^^^^^^^^^
  File "/Users/milanstojanovski/Projects/soap-web-services/server/models/base_model.py", line 95, in from_xml_element
    found_elements = xml_element.findall(xml_tag_name)
                     ^^^^^^^^^^^^^^^^^^^^^^^^^^^^^^^^^
  File "src/lxml/etree.pyx", line 1600, in lxml.etree._Element.findall
  File "src/lxml/_elementpath.py", line 330, in lxml._elementpath.findall
  File "src/lxml/_elementpath.py", line 101, in select
  File "src/lxml/_elementpath.py", line 102, in select
  File "src/lxml/etree.pyx", line 1479, in lxml.etree._Element.iterchildren
  File "src/lxml/etree.pyx", line 2912, in lxml.etree.ElementChildIterator.__cinit__
  File "src/lxml/etree.pyx", line 2883, in lxml.etree._ElementMatchIterator._initTagMatcher
  File "src/lxml/etree.pyx", line 2750, in lxml.etree._MultiTagMatcher.__cinit__
  File "src/lxml/etree.pyx", line 2789, in lxml.etree._MultiTagMatcher.initTagMatch
  File "src/lxml/etree.pyx", line 2820, in lxml.etree._MultiTagMatcher._storeTags
  File "src/lxml/etree.pyx", line 2807, in lxml.etree._MultiTagMatcher._storeTags
  File "src/lxml/apihelpers.pxi", line 1654, in lxml.etree._getNsTag
  File "src/lxml/apihelpers.pxi", line 1689, in lxml.etree.__getNsTag
ValueError: Empty tag name

The above exception was the direct cause of the following exception:

Traceback (most recent call last):
  File "/Users/milanstojanovski/Projects/soap-web-services/server/services/soap_service.py", line 83, in _call_handler_method
    result_xml_str = actual_handler(xml_input_root)
                     ^^^^^^^^^^^^^^^^^^^^^^^^^^^^^^
  File "/Users/milanstojanovski/Projects/soap-web-services/server/services/soap_service.py", line 95, in _handle_send_registration
    input_data = SendRegistrationInputData.from_xml_element(xml_input_root)
                 ^^^^^^^^^^^^^^^^^^^^^^^^^^^^^^^^^^^^^^^^^^^^^^^^^^^^^^^^^^
  File "/Users/milanstojanovski/Projects/soap-web-services/server/models/base_model.py", line 126, in from_xml_element
    raise ValueError(f"Error in nested model <{xml_tag_name}> for {field_py_name}: {e_nested}") from e_nested
ValueError: Error in nested model <Policy> for Policy: Empty tag name
2025-05-23 10:43:33,677 - services.soap_service - ERROR - soap_service:SendRequest:214 - SendRequest(User='admin', ReqType='SendRegistration'): Processing error: ValueError - Error in nested model <Policy> for Policy: Empty tag name
Traceback (most recent call last):
  File "/Users/milanstojanovski/Projects/soap-web-services/server/models/base_model.py", line 122, in from_xml_element
    data[field_py_name] = field_type_actual.from_xml_element(el)
                          ^^^^^^^^^^^^^^^^^^^^^^^^^^^^^^^^^^^^^^
  File "/Users/milanstojanovski/Projects/soap-web-services/server/models/base_model.py", line 95, in from_xml_element
    found_elements = xml_element.findall(xml_tag_name)
                     ^^^^^^^^^^^^^^^^^^^^^^^^^^^^^^^^^
  File "src/lxml/etree.pyx", line 1600, in lxml.etree._Element.findall
  File "src/lxml/_elementpath.py", line 330, in lxml._elementpath.findall
  File "src/lxml/_elementpath.py", line 101, in select
  File "src/lxml/_elementpath.py", line 102, in select
  File "src/lxml/etree.pyx", line 1479, in lxml.etree._Element.iterchildren
  File "src/lxml/etree.pyx", line 2912, in lxml.etree.ElementChildIterator.__cinit__
  File "src/lxml/etree.pyx", line 2883, in lxml.etree._ElementMatchIterator._initTagMatcher
  File "src/lxml/etree.pyx", line 2750, in lxml.etree._MultiTagMatcher.__cinit__
  File "src/lxml/etree.pyx", line 2789, in lxml.etree._MultiTagMatcher.initTagMatch
  File "src/lxml/etree.pyx", line 2820, in lxml.etree._MultiTagMatcher._storeTags
  File "src/lxml/etree.pyx", line 2807, in lxml.etree._MultiTagMatcher._storeTags
  File "src/lxml/apihelpers.pxi", line 1654, in lxml.etree._getNsTag
  File "src/lxml/apihelpers.pxi", line 1689, in lxml.etree.__getNsTag
ValueError: Empty tag name

The above exception was the direct cause of the following exception:

Traceback (most recent call last):
  File "/Users/milanstojanovski/Projects/soap-web-services/server/services/soap_service.py", line 211, in SendRequest
    output_xml_payload = service._call_handler_method(handler_name, xml_root, RequestType)
                         ^^^^^^^^^^^^^^^^^^^^^^^^^^^^^^^^^^^^^^^^^^^^^^^^^^^^^^^^^^^^^^^^^
  File "/Users/milanstojanovski/Projects/soap-web-services/server/services/soap_service.py", line 83, in _call_handler_method
    result_xml_str = actual_handler(xml_input_root)
                     ^^^^^^^^^^^^^^^^^^^^^^^^^^^^^^
  File "/Users/milanstojanovski/Projects/soap-web-services/server/services/soap_service.py", line 95, in _handle_send_registration
    input_data = SendRegistrationInputData.from_xml_element(xml_input_root)
                 ^^^^^^^^^^^^^^^^^^^^^^^^^^^^^^^^^^^^^^^^^^^^^^^^^^^^^^^^^^
  File "/Users/milanstojanovski/Projects/soap-web-services/server/models/base_model.py", line 126, in from_xml_element
    raise ValueError(f"Error in nested model <{xml_tag_name}> for {field_py_name}: {e_nested}") from e_nested
ValueError: Error in nested model <Policy> for Policy: Empty tag name
2025-05-23 10:43:33,678 - services.soap_service - DEBUG - soap_service:_get_pdf_compliant_error_message:54 - [SendRequest(User='admin', ReqType='SendRegistration')] Mapping exception: ValueError - 'Error in nested model <Policy> for Policy: Empty tag name'
Traceback (most recent call last):
  File "/Users/milanstojanovski/Projects/soap-web-services/server/models/base_model.py", line 122, in from_xml_element
    data[field_py_name] = field_type_actual.from_xml_element(el)
                          ^^^^^^^^^^^^^^^^^^^^^^^^^^^^^^^^^^^^^^
  File "/Users/milanstojanovski/Projects/soap-web-services/server/models/base_model.py", line 95, in from_xml_element
    found_elements = xml_element.findall(xml_tag_name)
                     ^^^^^^^^^^^^^^^^^^^^^^^^^^^^^^^^^
  File "src/lxml/etree.pyx", line 1600, in lxml.etree._Element.findall
  File "src/lxml/_elementpath.py", line 330, in lxml._elementpath.findall
  File "src/lxml/_elementpath.py", line 101, in select
  File "src/lxml/_elementpath.py", line 102, in select
  File "src/lxml/etree.pyx", line 1479, in lxml.etree._Element.iterchildren
  File "src/lxml/etree.pyx", line 2912, in lxml.etree.ElementChildIterator.__cinit__
  File "src/lxml/etree.pyx", line 2883, in lxml.etree._ElementMatchIterator._initTagMatcher
  File "src/lxml/etree.pyx", line 2750, in lxml.etree._MultiTagMatcher.__cinit__
  File "src/lxml/etree.pyx", line 2789, in lxml.etree._MultiTagMatcher.initTagMatch
  File "src/lxml/etree.pyx", line 2820, in lxml.etree._MultiTagMatcher._storeTags
  File "src/lxml/etree.pyx", line 2807, in lxml.etree._MultiTagMatcher._storeTags
  File "src/lxml/apihelpers.pxi", line 1654, in lxml.etree._getNsTag
  File "src/lxml/apihelpers.pxi", line 1689, in lxml.etree.__getNsTag
ValueError: Empty tag name

The above exception was the direct cause of the following exception:

Traceback (most recent call last):
  File "/Users/milanstojanovski/Projects/soap-web-services/server/services/soap_service.py", line 211, in SendRequest
    output_xml_payload = service._call_handler_method(handler_name, xml_root, RequestType)
                         ^^^^^^^^^^^^^^^^^^^^^^^^^^^^^^^^^^^^^^^^^^^^^^^^^^^^^^^^^^^^^^^^^
  File "/Users/milanstojanovski/Projects/soap-web-services/server/services/soap_service.py", line 83, in _call_handler_method
    result_xml_str = actual_handler(xml_input_root)
                     ^^^^^^^^^^^^^^^^^^^^^^^^^^^^^^
  File "/Users/milanstojanovski/Projects/soap-web-services/server/services/soap_service.py", line 95, in _handle_send_registration
    input_data = SendRegistrationInputData.from_xml_element(xml_input_root)
                 ^^^^^^^^^^^^^^^^^^^^^^^^^^^^^^^^^^^^^^^^^^^^^^^^^^^^^^^^^^
  File "/Users/milanstojanovski/Projects/soap-web-services/server/models/base_model.py", line 126, in from_xml_element
    raise ValueError(f"Error in nested model <{xml_tag_name}> for {field_py_name}: {e_nested}") from e_nested
ValueError: Error in nested model <Policy> for Policy: Empty tag name
2025-05-23 10:43:33,678 - services.soap_service - ERROR - soap_service:_get_pdf_compliant_error_message:73 - [SendRequest(User='admin', ReqType='SendRegistration')] Unhandled exception type, mapping to 'Inner exception': ValueError - Error in nested model <Policy> for Policy: Empty tag name
Traceback (most recent call last):
  File "/Users/milanstojanovski/Projects/soap-web-services/server/models/base_model.py", line 122, in from_xml_element
    data[field_py_name] = field_type_actual.from_xml_element(el)
                          ^^^^^^^^^^^^^^^^^^^^^^^^^^^^^^^^^^^^^^
  File "/Users/milanstojanovski/Projects/soap-web-services/server/models/base_model.py", line 95, in from_xml_element
    found_elements = xml_element.findall(xml_tag_name)
                     ^^^^^^^^^^^^^^^^^^^^^^^^^^^^^^^^^
  File "src/lxml/etree.pyx", line 1600, in lxml.etree._Element.findall
  File "src/lxml/_elementpath.py", line 330, in lxml._elementpath.findall
  File "src/lxml/_elementpath.py", line 101, in select
  File "src/lxml/_elementpath.py", line 102, in select
  File "src/lxml/etree.pyx", line 1479, in lxml.etree._Element.iterchildren
  File "src/lxml/etree.pyx", line 2912, in lxml.etree.ElementChildIterator.__cinit__
  File "src/lxml/etree.pyx", line 2883, in lxml.etree._ElementMatchIterator._initTagMatcher
  File "src/lxml/etree.pyx", line 2750, in lxml.etree._MultiTagMatcher.__cinit__
  File "src/lxml/etree.pyx", line 2789, in lxml.etree._MultiTagMatcher.initTagMatch
  File "src/lxml/etree.pyx", line 2820, in lxml.etree._MultiTagMatcher._storeTags
  File "src/lxml/etree.pyx", line 2807, in lxml.etree._MultiTagMatcher._storeTags
  File "src/lxml/apihelpers.pxi", line 1654, in lxml.etree._getNsTag
  File "src/lxml/apihelpers.pxi", line 1689, in lxml.etree.__getNsTag
ValueError: Empty tag name

The above exception was the direct cause of the following exception:

Traceback (most recent call last):
  File "/Users/milanstojanovski/Projects/soap-web-services/server/services/soap_service.py", line 211, in SendRequest
    output_xml_payload = service._call_handler_method(handler_name, xml_root, RequestType)
                         ^^^^^^^^^^^^^^^^^^^^^^^^^^^^^^^^^^^^^^^^^^^^^^^^^^^^^^^^^^^^^^^^^
  File "/Users/milanstojanovski/Projects/soap-web-services/server/services/soap_service.py", line 83, in _call_handler_method
    result_xml_str = actual_handler(xml_input_root)
                     ^^^^^^^^^^^^^^^^^^^^^^^^^^^^^^
  File "/Users/milanstojanovski/Projects/soap-web-services/server/services/soap_service.py", line 95, in _handle_send_registration
    input_data = SendRegistrationInputData.from_xml_element(xml_input_root)
                 ^^^^^^^^^^^^^^^^^^^^^^^^^^^^^^^^^^^^^^^^^^^^^^^^^^^^^^^^^^
  File "/Users/milanstojanovski/Projects/soap-web-services/server/models/base_model.py", line 126, in from_xml_element
    raise ValueError(f"Error in nested model <{xml_tag_name}> for {field_py_name}: {e_nested}") from e_nested
ValueError: Error in nested model <Policy> for Policy: Empty tag name
2025-05-23 10:43:33,678 - services.soap_service - DEBUG - soap_service:_create_error_payload_xml_str:44 - Created error XML payload: <?xml version='1.0' encoding='utf-8'?>
<root><Error>Inner exception</Error></root>
2025-05-23 10:43:33,678 - services.soap_service - INFO - soap_service:SendRequest:241 - SendRequest(User='admin', ReqType='SendRegistration'): Completed with status 0
2025-05-23 10:48:56,281 - __main__ - INFO - app:run_server:126 - 
🛑 Server stopped by user (Ctrl+C).
2025-05-23 10:48:58,114 - root - INFO - logger:setup_logging:63 - Root logging configured. Level: DEBUG. Output to console. Output to file: logs/server_app.log.
2025-05-23 10:48:58,114 - __main__ - INFO - app:create_soap_application:34 - Creating Spyne SOAP application.
2025-05-23 10:48:58,114 - spyne.application - INFO - application:__init__:118 - Initializing application {insurance.services}Application...
2025-05-23 10:48:58,114 - spyne.interface._base - DEBUG - _base:populate_interface:332 - populating services.soap_service.InsuranceSoapService types...
2025-05-23 10:48:58,114 - spyne.interface._base - DEBUG - _base:populate_interface:352 -   enumerating classes for method 'SendRequest'
2025-05-23 10:48:58,114 - spyne.interface._base - DEBUG - _base:add_class:442 -     adding class "<class 'spyne.model.complex.SendRequest'>" for '{insurance.services}SendRequest'
2025-05-23 10:48:58,114 - spyne.interface._base - DEBUG - _base:add_class:481 -     adding SendRequest.UserName = <class 'spyne.model.primitive.string.Unicode'>
2025-05-23 10:48:58,114 - spyne.interface._base - DEBUG - _base:add_class:442 -     adding class "<class 'spyne.model.primitive.string.Unicode'>" for '{http://www.w3.org/2001/XMLSchema}string'
2025-05-23 10:48:58,115 - spyne.interface._base - DEBUG - _base:add_class:481 -     adding SendRequest.Password = <class 'spyne.model.primitive.string.Unicode'>
2025-05-23 10:48:58,115 - spyne.interface._base - DEBUG - _base:add_class:481 -     adding SendRequest.RequestType = <class 'spyne.model.primitive.string.Unicode'>
2025-05-23 10:48:58,115 - spyne.interface._base - DEBUG - _base:add_class:481 -     adding SendRequest.XMLData = <class 'spyne.model.primitive.string.Unicode'>
2025-05-23 10:48:58,115 - spyne.interface._base - DEBUG - _base:add_class:442 -     adding class "<class 'spyne.model.complex.SendRequestResponse'>" for '{insurance.services}SendRequestResponse'
2025-05-23 10:48:58,115 - spyne.interface._base - DEBUG - _base:add_class:481 -     adding SendRequestResponse.SendRequestResult = <class 'models.soap_responses.SendRequestOutput'>
2025-05-23 10:48:58,115 - spyne.interface._base - DEBUG - _base:add_class:442 -     adding class "<class 'models.soap_responses.SendRequestOutput'>" for '{models.soap_responses}SendRequestOutput'
2025-05-23 10:48:58,115 - spyne.interface._base - DEBUG - _base:add_class:494 -     importing 'models.soap_responses' to 'insurance.services' for SendRequestResponse.SendRequestResult(<class 'models.soap_responses.SendRequestOutput'>)
2025-05-23 10:48:58,115 - spyne.interface._base - DEBUG - _base:populate_interface:364 - populating 'services.soap_service.InsuranceSoapService' routes...
2025-05-23 10:48:58,115 - spyne.interface._base - DEBUG - _base:process_method:289 -   adding method InsuranceSoapService.SendRequest to match '{insurance.services}SendRequest' tag.
2025-05-23 10:48:58,115 - spyne.interface._base - DEBUG - _base:populate_interface:396 - From this point on, you're not supposed to make any changes to the class and method structure of the exposed services.
2025-05-23 10:48:58,115 - spyne.interface.xml_schema - DEBUG - _base:build_validation_schema:211 - generating schema for targetNamespace='insurance.services', prefix: 'tns' in dir '/var/folders/3x/nl8kkdyn2xn8qyxj810mxzvh0000gn/T/spynexr81ekxc'
2025-05-23 10:48:58,115 - spyne.interface.xml_schema - DEBUG - _base:build_validation_schema:221 - writing '/var/folders/3x/nl8kkdyn2xn8qyxj810mxzvh0000gn/T/spynexr81ekxc/tns.xsd' for ns insurance.services
2025-05-23 10:48:58,115 - spyne.interface.xml_schema - DEBUG - _base:build_validation_schema:221 - writing '/var/folders/3x/nl8kkdyn2xn8qyxj810mxzvh0000gn/T/spynexr81ekxc/s0.xsd' for ns models.soap_responses
2025-05-23 10:48:58,116 - spyne.interface.xml_schema - DEBUG - _base:build_validation_schema:237 - Schema built. Removed '/var/folders/3x/nl8kkdyn2xn8qyxj810mxzvh0000gn/T/spynexr81ekxc'
2025-05-23 10:48:58,116 - spyne.util.appreg - DEBUG - appreg:register_application:84 - Registering <spyne.application.Application object at 0x107bc9150> as ('insurance.services', 'Application')
2025-05-23 10:48:58,116 - __main__ - INFO - app:create_soap_application:41 - Spyne application created.
2025-05-23 10:48:58,118 - __main__ - INFO - app:run_server:84 - Attempting to configure SSL.
2025-05-23 10:48:58,118 - __main__ - INFO - app:validate_ssl_files:51 - Validating SSL certificate: /Users/milanstojanovski/Projects/soap-web-services/server/ssl/cert.pem and key: /Users/milanstojanovski/Projects/soap-web-services/server/ssl/key.pem
2025-05-23 10:48:58,120 - __main__ - INFO - app:validate_ssl_files:56 - SSL certificate and key validated successfully.
2025-05-23 10:48:58,121 - __main__ - INFO - app:run_server:102 - 🔐 SSL enabled successfully using:
2025-05-23 10:48:58,121 - __main__ - INFO - app:run_server:103 -     Certificate: /Users/milanstojanovski/Projects/soap-web-services/server/ssl/cert.pem
2025-05-23 10:48:58,121 - __main__ - INFO - app:run_server:104 -     Private Key: /Users/milanstojanovski/Projects/soap-web-services/server/ssl/key.pem
2025-05-23 10:48:58,121 - __main__ - INFO - app:run_server:118 - 
🌍 Starting SOAP server at https://localhost:8000
2025-05-23 10:48:58,121 - __main__ - INFO - app:run_server:119 -    WSDL available at: https://localhost:8000/?wsdl
2025-05-23 10:48:58,121 - __main__ - INFO - app:run_server:120 - ⚙️  System mode: TEST
2025-05-23 10:48:58,121 - __main__ - INFO - app:run_server:121 - 🛑 Press Ctrl+C to stop

2025-05-23 10:49:04,029 - spyne.server.wsgi - DEBUG - wsgi:_get_http_headers:155 - Add http header 'host' = ['localhost:8000']
2025-05-23 10:49:04,029 - spyne.server.wsgi - DEBUG - wsgi:_get_http_headers:155 - Add http header 'user_agent' = ['Zeep/4.3.1 (www.python-zeep.org)']
2025-05-23 10:49:04,029 - spyne.server.wsgi - DEBUG - wsgi:_get_http_headers:155 - Add http header 'accept_encoding' = ['gzip, deflate']
2025-05-23 10:49:04,029 - spyne.server.wsgi - DEBUG - wsgi:_get_http_headers:155 - Add http header 'accept' = ['*/*']
2025-05-23 10:49:04,029 - spyne.server.wsgi - DEBUG - wsgi:_get_http_headers:155 - Add http header 'connection' = ['keep-alive']
2025-05-23 10:49:04,036 - spyne - DEBUG - context:close:406 - gc.collect() took around 10ms.
2025-05-23 10:49:04,055 - spyne.server.wsgi - DEBUG - wsgi:_get_http_headers:155 - Add http header 'host' = ['localhost:8000']
2025-05-23 10:49:04,055 - spyne.server.wsgi - DEBUG - wsgi:_get_http_headers:155 - Add http header 'user_agent' = ['Zeep/4.3.1 (www.python-zeep.org)']
2025-05-23 10:49:04,055 - spyne.server.wsgi - DEBUG - wsgi:_get_http_headers:155 - Add http header 'accept_encoding' = ['gzip, deflate']
2025-05-23 10:49:04,055 - spyne.server.wsgi - DEBUG - wsgi:_get_http_headers:155 - Add http header 'accept' = ['*/*']
2025-05-23 10:49:04,055 - spyne.server.wsgi - DEBUG - wsgi:_get_http_headers:155 - Add http header 'connection' = ['keep-alive']
2025-05-23 10:49:04,055 - spyne.server.wsgi - DEBUG - wsgi:_get_http_headers:155 - Add http header 'soapaction' = ['"SendRequest"']
2025-05-23 10:49:04,056 - services.soap_service - INFO - soap_service:__init__:33 - DataSecurity initialized successfully in InsuranceSoapService instance (id: 4377531792).
2025-05-23 10:49:04,056 - services.soap_service - DEBUG - soap_service:SendRequest:172 - SendRequest called. Service instance id: 4377531792
2025-05-23 10:49:04,056 - services.soap_service - INFO - soap_service:SendRequest:174 - SendRequest(User='admin', ReqType='SendRegistration'): Received request
2025-05-23 10:49:04,056 - services.soap_service - DEBUG - soap_service:SendRequest:182 - SendRequest(User='admin', ReqType='SendRegistration'): Authenticating...
2025-05-23 10:49:04,056 - services.soap_service - DEBUG - soap_service:SendRequest:187 - SendRequest(User='admin', ReqType='SendRegistration'): Decrypting payload...
2025-05-23 10:49:04,057 - services.soap_service - DEBUG - soap_service:SendRequest:193 - SendRequest(User='admin', ReqType='SendRegistration'): Parsing XML...
2025-05-23 10:49:04,057 - services.soap_service - INFO - soap_service:_call_handler_method:79 - [Handler:SendRegistration] Starting processing.
2025-05-23 10:49:04,059 - models.base_model - ERROR - base_model:from_xml_element:153 - Pydantic validation error creating SendRegistrationInputData from XML element <root>: 1 validation error for SendRegistrationInputData
Insured
  Input should be a valid dictionary or instance of Insured [type=model_type, input_value='\n    ', input_type=str]
    For further information visit https://errors.pydantic.dev/2.11/v/model_type. Processed data: {'Partner': 'Iute Credit Macedonia DOOEL Skopje', 'GACID': 'PPIMK0000001/25', 'CertificateID': 'PPIMK0000001/25', 'Insured': '\n    ', 'Policy': PolicyInput(Cover='Sigurimi i Mbrojtjes se Kredise +', ValidFrom='01-06-2025', ValidTo='01.06.2027', ValidToSMO='01-06-2026', CurrencyCode='MKD', SumInsured='100000.00', SumInsuredEUR='1625.18', Premium='4800.00', AdditionalPremium='333.29', GrossPremium='5133.29')}
Traceback (most recent call last):
  File "/Users/milanstojanovski/Projects/soap-web-services/server/models/base_model.py", line 149, in from_xml_element
    instance = cls(**data)
               ^^^^^^^^^^^
  File "/Users/milanstojanovski/Projects/soap-web-services/venv/lib/python3.11/site-packages/pydantic/main.py", line 253, in __init__
    validated_self = self.__pydantic_validator__.validate_python(data, self_instance=self)
                     ^^^^^^^^^^^^^^^^^^^^^^^^^^^^^^^^^^^^^^^^^^^^^^^^^^^^^^^^^^^^^^^^^^^^^
pydantic_core._pydantic_core.ValidationError: 1 validation error for SendRegistrationInputData
Insured
  Input should be a valid dictionary or instance of Insured [type=model_type, input_value='\n    ', input_type=str]
    For further information visit https://errors.pydantic.dev/2.11/v/model_type
2025-05-23 10:49:04,060 - services.soap_service - ERROR - soap_service:_call_handler_method:87 - [Handler:SendRegistration] ValueError during processing: Pydantic validation error for SendRegistrationInputData (XML: <root>): 1 validation error for SendRegistrationInputData
Insured
  Input should be a valid dictionary or instance of Insured [type=model_type, input_value='\n    ', input_type=str]
    For further information visit https://errors.pydantic.dev/2.11/v/model_type
Traceback (most recent call last):
  File "/Users/milanstojanovski/Projects/soap-web-services/server/models/base_model.py", line 149, in from_xml_element
    instance = cls(**data)
               ^^^^^^^^^^^
  File "/Users/milanstojanovski/Projects/soap-web-services/venv/lib/python3.11/site-packages/pydantic/main.py", line 253, in __init__
    validated_self = self.__pydantic_validator__.validate_python(data, self_instance=self)
                     ^^^^^^^^^^^^^^^^^^^^^^^^^^^^^^^^^^^^^^^^^^^^^^^^^^^^^^^^^^^^^^^^^^^^^
pydantic_core._pydantic_core.ValidationError: 1 validation error for SendRegistrationInputData
Insured
  Input should be a valid dictionary or instance of Insured [type=model_type, input_value='\n    ', input_type=str]
    For further information visit https://errors.pydantic.dev/2.11/v/model_type

The above exception was the direct cause of the following exception:

Traceback (most recent call last):
  File "/Users/milanstojanovski/Projects/soap-web-services/server/services/soap_service.py", line 83, in _call_handler_method
    result_xml_str = actual_handler(xml_input_root)
                     ^^^^^^^^^^^^^^^^^^^^^^^^^^^^^^
  File "/Users/milanstojanovski/Projects/soap-web-services/server/services/soap_service.py", line 95, in _handle_send_registration
    input_data = SendRegistrationInputData.from_xml_element(xml_input_root)
                 ^^^^^^^^^^^^^^^^^^^^^^^^^^^^^^^^^^^^^^^^^^^^^^^^^^^^^^^^^^
  File "/Users/milanstojanovski/Projects/soap-web-services/server/models/base_model.py", line 154, in from_xml_element
    raise ValueError(f"Pydantic validation error for {class_name} (XML: <{xml_element.tag}>): {e_pydantic}") from e_pydantic
ValueError: Pydantic validation error for SendRegistrationInputData (XML: <root>): 1 validation error for SendRegistrationInputData
Insured
  Input should be a valid dictionary or instance of Insured [type=model_type, input_value='\n    ', input_type=str]
    For further information visit https://errors.pydantic.dev/2.11/v/model_type
2025-05-23 10:49:04,061 - services.soap_service - ERROR - soap_service:SendRequest:214 - SendRequest(User='admin', ReqType='SendRegistration'): Processing error: ValueError - Pydantic validation error for SendRegistrationInputData (XML: <root>): 1 validation error for SendRegistrationInputData
Insured
  Input should be a valid dictionary or instance of Insured [type=model_type, input_value='\n    ', input_type=str]
    For further information visit https://errors.pydantic.dev/2.11/v/model_type
Traceback (most recent call last):
  File "/Users/milanstojanovski/Projects/soap-web-services/server/models/base_model.py", line 149, in from_xml_element
    instance = cls(**data)
               ^^^^^^^^^^^
  File "/Users/milanstojanovski/Projects/soap-web-services/venv/lib/python3.11/site-packages/pydantic/main.py", line 253, in __init__
    validated_self = self.__pydantic_validator__.validate_python(data, self_instance=self)
                     ^^^^^^^^^^^^^^^^^^^^^^^^^^^^^^^^^^^^^^^^^^^^^^^^^^^^^^^^^^^^^^^^^^^^^
pydantic_core._pydantic_core.ValidationError: 1 validation error for SendRegistrationInputData
Insured
  Input should be a valid dictionary or instance of Insured [type=model_type, input_value='\n    ', input_type=str]
    For further information visit https://errors.pydantic.dev/2.11/v/model_type

The above exception was the direct cause of the following exception:

Traceback (most recent call last):
  File "/Users/milanstojanovski/Projects/soap-web-services/server/services/soap_service.py", line 211, in SendRequest
    output_xml_payload = service._call_handler_method(handler_name, xml_root, RequestType)
                         ^^^^^^^^^^^^^^^^^^^^^^^^^^^^^^^^^^^^^^^^^^^^^^^^^^^^^^^^^^^^^^^^^
  File "/Users/milanstojanovski/Projects/soap-web-services/server/services/soap_service.py", line 83, in _call_handler_method
    result_xml_str = actual_handler(xml_input_root)
                     ^^^^^^^^^^^^^^^^^^^^^^^^^^^^^^
  File "/Users/milanstojanovski/Projects/soap-web-services/server/services/soap_service.py", line 95, in _handle_send_registration
    input_data = SendRegistrationInputData.from_xml_element(xml_input_root)
                 ^^^^^^^^^^^^^^^^^^^^^^^^^^^^^^^^^^^^^^^^^^^^^^^^^^^^^^^^^^
  File "/Users/milanstojanovski/Projects/soap-web-services/server/models/base_model.py", line 154, in from_xml_element
    raise ValueError(f"Pydantic validation error for {class_name} (XML: <{xml_element.tag}>): {e_pydantic}") from e_pydantic
ValueError: Pydantic validation error for SendRegistrationInputData (XML: <root>): 1 validation error for SendRegistrationInputData
Insured
  Input should be a valid dictionary or instance of Insured [type=model_type, input_value='\n    ', input_type=str]
    For further information visit https://errors.pydantic.dev/2.11/v/model_type
2025-05-23 10:49:04,062 - services.soap_service - DEBUG - soap_service:_get_pdf_compliant_error_message:54 - [SendRequest(User='admin', ReqType='SendRegistration')] Mapping exception: ValueError - 'Pydantic validation error for SendRegistrationInputData (XML: <root>): 1 validation error for SendRegistrationInputData
Insured
  Input should be a valid dictionary or instance of Insured [type=model_type, input_value='\n    ', input_type=str]
    For further information visit https://errors.pydantic.dev/2.11/v/model_type'
Traceback (most recent call last):
  File "/Users/milanstojanovski/Projects/soap-web-services/server/models/base_model.py", line 149, in from_xml_element
    instance = cls(**data)
               ^^^^^^^^^^^
  File "/Users/milanstojanovski/Projects/soap-web-services/venv/lib/python3.11/site-packages/pydantic/main.py", line 253, in __init__
    validated_self = self.__pydantic_validator__.validate_python(data, self_instance=self)
                     ^^^^^^^^^^^^^^^^^^^^^^^^^^^^^^^^^^^^^^^^^^^^^^^^^^^^^^^^^^^^^^^^^^^^^
pydantic_core._pydantic_core.ValidationError: 1 validation error for SendRegistrationInputData
Insured
  Input should be a valid dictionary or instance of Insured [type=model_type, input_value='\n    ', input_type=str]
    For further information visit https://errors.pydantic.dev/2.11/v/model_type

The above exception was the direct cause of the following exception:

Traceback (most recent call last):
  File "/Users/milanstojanovski/Projects/soap-web-services/server/services/soap_service.py", line 211, in SendRequest
    output_xml_payload = service._call_handler_method(handler_name, xml_root, RequestType)
                         ^^^^^^^^^^^^^^^^^^^^^^^^^^^^^^^^^^^^^^^^^^^^^^^^^^^^^^^^^^^^^^^^^
  File "/Users/milanstojanovski/Projects/soap-web-services/server/services/soap_service.py", line 83, in _call_handler_method
    result_xml_str = actual_handler(xml_input_root)
                     ^^^^^^^^^^^^^^^^^^^^^^^^^^^^^^
  File "/Users/milanstojanovski/Projects/soap-web-services/server/services/soap_service.py", line 95, in _handle_send_registration
    input_data = SendRegistrationInputData.from_xml_element(xml_input_root)
                 ^^^^^^^^^^^^^^^^^^^^^^^^^^^^^^^^^^^^^^^^^^^^^^^^^^^^^^^^^^
  File "/Users/milanstojanovski/Projects/soap-web-services/server/models/base_model.py", line 154, in from_xml_element
    raise ValueError(f"Pydantic validation error for {class_name} (XML: <{xml_element.tag}>): {e_pydantic}") from e_pydantic
ValueError: Pydantic validation error for SendRegistrationInputData (XML: <root>): 1 validation error for SendRegistrationInputData
Insured
  Input should be a valid dictionary or instance of Insured [type=model_type, input_value='\n    ', input_type=str]
    For further information visit https://errors.pydantic.dev/2.11/v/model_type
2025-05-23 10:49:04,062 - services.soap_service - WARNING - soap_service:_get_pdf_compliant_error_message:70 - [SendRequest(User='admin', ReqType='SendRegistration')] Pydantic validation failed, mapping to 'Invalid XML': Pydantic validation error for SendRegistrationInputData (XML: <root>): 1 validation error for SendRegistrationInputData
Insured
  Input should be a valid dictionary or instance of Insured [type=model_type, input_value='\n    ', input_type=str]
    For further information visit https://errors.pydantic.dev/2.11/v/model_type
2025-05-23 10:49:04,062 - services.soap_service - DEBUG - soap_service:_create_error_payload_xml_str:44 - Created error XML payload: <?xml version='1.0' encoding='utf-8'?>
<root><Error>Invalid XML</Error></root>
2025-05-23 10:49:04,062 - services.soap_service - INFO - soap_service:SendRequest:241 - SendRequest(User='admin', ReqType='SendRegistration'): Completed with status 0
2025-05-23 10:50:56,754 - __main__ - INFO - app:run_server:126 - 
🛑 Server stopped by user (Ctrl+C).
2025-05-23 10:50:58,337 - root - INFO - logger:setup_logging:63 - Root logging configured. Level: DEBUG. Output to console. Output to file: logs/server_app.log.
2025-05-23 10:50:58,337 - __main__ - INFO - app:create_soap_application:34 - Creating Spyne SOAP application.
2025-05-23 10:50:58,337 - spyne.application - INFO - application:__init__:118 - Initializing application {insurance.services}Application...
2025-05-23 10:50:58,337 - spyne.interface._base - DEBUG - _base:populate_interface:332 - populating services.soap_service.InsuranceSoapService types...
2025-05-23 10:50:58,337 - spyne.interface._base - DEBUG - _base:populate_interface:352 -   enumerating classes for method 'SendRequest'
2025-05-23 10:50:58,337 - spyne.interface._base - DEBUG - _base:add_class:442 -     adding class "<class 'spyne.model.complex.SendRequest'>" for '{insurance.services}SendRequest'
2025-05-23 10:50:58,337 - spyne.interface._base - DEBUG - _base:add_class:481 -     adding SendRequest.UserName = <class 'spyne.model.primitive.string.Unicode'>
2025-05-23 10:50:58,337 - spyne.interface._base - DEBUG - _base:add_class:442 -     adding class "<class 'spyne.model.primitive.string.Unicode'>" for '{http://www.w3.org/2001/XMLSchema}string'
2025-05-23 10:50:58,337 - spyne.interface._base - DEBUG - _base:add_class:481 -     adding SendRequest.Password = <class 'spyne.model.primitive.string.Unicode'>
2025-05-23 10:50:58,337 - spyne.interface._base - DEBUG - _base:add_class:481 -     adding SendRequest.RequestType = <class 'spyne.model.primitive.string.Unicode'>
2025-05-23 10:50:58,337 - spyne.interface._base - DEBUG - _base:add_class:481 -     adding SendRequest.XMLData = <class 'spyne.model.primitive.string.Unicode'>
2025-05-23 10:50:58,337 - spyne.interface._base - DEBUG - _base:add_class:442 -     adding class "<class 'spyne.model.complex.SendRequestResponse'>" for '{insurance.services}SendRequestResponse'
2025-05-23 10:50:58,337 - spyne.interface._base - DEBUG - _base:add_class:481 -     adding SendRequestResponse.SendRequestResult = <class 'models.soap_responses.SendRequestOutput'>
2025-05-23 10:50:58,337 - spyne.interface._base - DEBUG - _base:add_class:442 -     adding class "<class 'models.soap_responses.SendRequestOutput'>" for '{models.soap_responses}SendRequestOutput'
2025-05-23 10:50:58,337 - spyne.interface._base - DEBUG - _base:add_class:494 -     importing 'models.soap_responses' to 'insurance.services' for SendRequestResponse.SendRequestResult(<class 'models.soap_responses.SendRequestOutput'>)
2025-05-23 10:50:58,337 - spyne.interface._base - DEBUG - _base:populate_interface:364 - populating 'services.soap_service.InsuranceSoapService' routes...
2025-05-23 10:50:58,337 - spyne.interface._base - DEBUG - _base:process_method:289 -   adding method InsuranceSoapService.SendRequest to match '{insurance.services}SendRequest' tag.
2025-05-23 10:50:58,337 - spyne.interface._base - DEBUG - _base:populate_interface:396 - From this point on, you're not supposed to make any changes to the class and method structure of the exposed services.
2025-05-23 10:50:58,338 - spyne.interface.xml_schema - DEBUG - _base:build_validation_schema:211 - generating schema for targetNamespace='insurance.services', prefix: 'tns' in dir '/var/folders/3x/nl8kkdyn2xn8qyxj810mxzvh0000gn/T/spyne1f5mf62l'
2025-05-23 10:50:58,338 - spyne.interface.xml_schema - DEBUG - _base:build_validation_schema:221 - writing '/var/folders/3x/nl8kkdyn2xn8qyxj810mxzvh0000gn/T/spyne1f5mf62l/tns.xsd' for ns insurance.services
2025-05-23 10:50:58,338 - spyne.interface.xml_schema - DEBUG - _base:build_validation_schema:221 - writing '/var/folders/3x/nl8kkdyn2xn8qyxj810mxzvh0000gn/T/spyne1f5mf62l/s0.xsd' for ns models.soap_responses
2025-05-23 10:50:58,339 - spyne.interface.xml_schema - DEBUG - _base:build_validation_schema:237 - Schema built. Removed '/var/folders/3x/nl8kkdyn2xn8qyxj810mxzvh0000gn/T/spyne1f5mf62l'
2025-05-23 10:50:58,339 - spyne.util.appreg - DEBUG - appreg:register_application:84 - Registering <spyne.application.Application object at 0x105d75450> as ('insurance.services', 'Application')
2025-05-23 10:50:58,339 - __main__ - INFO - app:create_soap_application:41 - Spyne application created.
2025-05-23 10:50:58,342 - __main__ - INFO - app:run_server:84 - Attempting to configure SSL.
2025-05-23 10:50:58,342 - __main__ - INFO - app:validate_ssl_files:51 - Validating SSL certificate: /Users/milanstojanovski/Projects/soap-web-services/server/ssl/cert.pem and key: /Users/milanstojanovski/Projects/soap-web-services/server/ssl/key.pem
2025-05-23 10:50:58,343 - __main__ - INFO - app:validate_ssl_files:56 - SSL certificate and key validated successfully.
2025-05-23 10:50:58,344 - __main__ - INFO - app:run_server:102 - 🔐 SSL enabled successfully using:
2025-05-23 10:50:58,344 - __main__ - INFO - app:run_server:103 -     Certificate: /Users/milanstojanovski/Projects/soap-web-services/server/ssl/cert.pem
2025-05-23 10:50:58,344 - __main__ - INFO - app:run_server:104 -     Private Key: /Users/milanstojanovski/Projects/soap-web-services/server/ssl/key.pem
2025-05-23 10:50:58,344 - __main__ - INFO - app:run_server:118 - 
🌍 Starting SOAP server at https://localhost:8000
2025-05-23 10:50:58,344 - __main__ - INFO - app:run_server:119 -    WSDL available at: https://localhost:8000/?wsdl
2025-05-23 10:50:58,344 - __main__ - INFO - app:run_server:120 - ⚙️  System mode: TEST
2025-05-23 10:50:58,344 - __main__ - INFO - app:run_server:121 - 🛑 Press Ctrl+C to stop

2025-05-23 10:51:08,861 - spyne.server.wsgi - DEBUG - wsgi:_get_http_headers:155 - Add http header 'host' = ['localhost:8000']
2025-05-23 10:51:08,861 - spyne.server.wsgi - DEBUG - wsgi:_get_http_headers:155 - Add http header 'user_agent' = ['Zeep/4.3.1 (www.python-zeep.org)']
2025-05-23 10:51:08,861 - spyne.server.wsgi - DEBUG - wsgi:_get_http_headers:155 - Add http header 'accept_encoding' = ['gzip, deflate']
2025-05-23 10:51:08,862 - spyne.server.wsgi - DEBUG - wsgi:_get_http_headers:155 - Add http header 'accept' = ['*/*']
2025-05-23 10:51:08,862 - spyne.server.wsgi - DEBUG - wsgi:_get_http_headers:155 - Add http header 'connection' = ['keep-alive']
2025-05-23 10:51:08,880 - spyne - DEBUG - context:close:406 - gc.collect() took around 20ms.
2025-05-23 10:51:08,903 - spyne.server.wsgi - DEBUG - wsgi:_get_http_headers:155 - Add http header 'host' = ['localhost:8000']
2025-05-23 10:51:08,903 - spyne.server.wsgi - DEBUG - wsgi:_get_http_headers:155 - Add http header 'user_agent' = ['Zeep/4.3.1 (www.python-zeep.org)']
2025-05-23 10:51:08,903 - spyne.server.wsgi - DEBUG - wsgi:_get_http_headers:155 - Add http header 'accept_encoding' = ['gzip, deflate']
2025-05-23 10:51:08,903 - spyne.server.wsgi - DEBUG - wsgi:_get_http_headers:155 - Add http header 'accept' = ['*/*']
2025-05-23 10:51:08,903 - spyne.server.wsgi - DEBUG - wsgi:_get_http_headers:155 - Add http header 'connection' = ['keep-alive']
2025-05-23 10:51:08,903 - spyne.server.wsgi - DEBUG - wsgi:_get_http_headers:155 - Add http header 'soapaction' = ['"SendRequest"']
2025-05-23 10:51:08,904 - services.soap_service - INFO - soap_service:__init__:33 - DataSecurity initialized successfully in InsuranceSoapService instance (id: 4392346320).
2025-05-23 10:51:08,904 - services.soap_service - DEBUG - soap_service:SendRequest:172 - SendRequest called. Service instance id: 4392346320
2025-05-23 10:51:08,904 - services.soap_service - INFO - soap_service:SendRequest:174 - SendRequest(User='admin', ReqType='SendRegistration'): Received request
2025-05-23 10:51:08,904 - services.soap_service - DEBUG - soap_service:SendRequest:182 - SendRequest(User='admin', ReqType='SendRegistration'): Authenticating...
2025-05-23 10:51:08,904 - services.soap_service - DEBUG - soap_service:SendRequest:187 - SendRequest(User='admin', ReqType='SendRegistration'): Decrypting payload...
2025-05-23 10:51:08,905 - services.soap_service - DEBUG - soap_service:SendRequest:193 - SendRequest(User='admin', ReqType='SendRegistration'): Parsing XML...
2025-05-23 10:51:08,905 - services.soap_service - INFO - soap_service:_call_handler_method:79 - [Handler:SendRegistration] Starting processing.
2025-05-23 10:51:08,906 - services.soap_service - DEBUG - soap_service:_handle_send_registration:96 - [SendRegistration] Input data parsed: {
  "Partner": "Iute Credit Macedonia DOOEL Skopje",
  "GACID": "PPIMK0000001/25",
  "CertificateID": "PPIMK0000001/25",
  "Insured": {
    "PartnerReferenceID": "#REFID_TESTCLIENT",
    "PersonType": "1",
    "VATNumber": null,
    "Title": "Dr.",
    "LastName": "TesterClient",
    "FirstName": "John",
    "Country": "HU",
    "ZIP": "1062",
    "State": "Pest",
    "City": "BUDAPEST",
    "Street": "Test Utca 123",
    "BirthPlace": "BUDAPEST",
    "BirthDateDMY": "01-01-1980",
    "Gender": "Male",
    "Phone": "+3612345678",
    "Email": "john.tester.client@example.com"
  },
  "Policy": {
    "Cover": "Sigurimi i Mbrojtjes se Kredise +",
    "ValidFrom": "01-06-2025",
    "ValidTo": "01.06.2027",
    "ValidToSMO": "01-06-2026",
    "CurrencyCode": "MKD",
    "SumInsured": "100000.00",
    "SumInsuredEUR": "1625.18",
    "Premium": "4800.00",
    "AdditionalPremium": "333.29",
    "GrossPremium": "5133.29"
  }
}
2025-05-23 10:51:08,907 - services.soap_service - INFO - soap_service:_call_handler_method:84 - [Handler:SendRegistration] Processed successfully.
2025-05-23 10:51:08,907 - services.soap_service - INFO - soap_service:SendRequest:241 - SendRequest(User='admin', ReqType='SendRegistration'): Completed with status 1
2025-05-23 20:18:23,383 - __main__ - INFO - app:run_server:126 - 
🛑 Server stopped by user (Ctrl+C).
2025-05-23 20:45:49,541 - root - INFO - logger:setup_logging:63 - Root logging configured. Level: DEBUG. Output to console. Output to file: logs/server_app.log.
2025-05-23 20:45:49,541 - __main__ - INFO - app:create_soap_application:34 - Creating Spyne SOAP application.
2025-05-23 20:45:49,542 - spyne.application - INFO - application:__init__:118 - Initializing application {insurance.services}Application...
2025-05-23 20:45:49,542 - spyne.interface._base - DEBUG - _base:populate_interface:332 - populating services.soap_service.InsuranceSoapService types...
2025-05-23 20:45:49,542 - spyne.interface._base - DEBUG - _base:populate_interface:352 -   enumerating classes for method 'SendRequest'
2025-05-23 20:45:49,542 - spyne.interface._base - DEBUG - _base:add_class:442 -     adding class "<class 'spyne.model.complex.SendRequest'>" for '{insurance.services}SendRequest'
2025-05-23 20:45:49,542 - spyne.interface._base - DEBUG - _base:add_class:481 -     adding SendRequest.UserName = <class 'spyne.model.primitive.string.Unicode'>
2025-05-23 20:45:49,542 - spyne.interface._base - DEBUG - _base:add_class:442 -     adding class "<class 'spyne.model.primitive.string.Unicode'>" for '{http://www.w3.org/2001/XMLSchema}string'
2025-05-23 20:45:49,543 - spyne.interface._base - DEBUG - _base:add_class:481 -     adding SendRequest.Password = <class 'spyne.model.primitive.string.Unicode'>
2025-05-23 20:45:49,543 - spyne.interface._base - DEBUG - _base:add_class:481 -     adding SendRequest.RequestType = <class 'spyne.model.primitive.string.Unicode'>
2025-05-23 20:45:49,543 - spyne.interface._base - DEBUG - _base:add_class:481 -     adding SendRequest.XMLData = <class 'spyne.model.primitive.string.Unicode'>
2025-05-23 20:45:49,543 - spyne.interface._base - DEBUG - _base:add_class:442 -     adding class "<class 'spyne.model.complex.SendRequestResponse'>" for '{insurance.services}SendRequestResponse'
2025-05-23 20:45:49,543 - spyne.interface._base - DEBUG - _base:add_class:481 -     adding SendRequestResponse.SendRequestResult = <class 'models.soap_responses.SendRequestOutput'>
2025-05-23 20:45:49,543 - spyne.interface._base - DEBUG - _base:add_class:442 -     adding class "<class 'models.soap_responses.SendRequestOutput'>" for '{models.soap_responses}SendRequestOutput'
2025-05-23 20:45:49,543 - spyne.interface._base - DEBUG - _base:add_class:494 -     importing 'models.soap_responses' to 'insurance.services' for SendRequestResponse.SendRequestResult(<class 'models.soap_responses.SendRequestOutput'>)
2025-05-23 20:45:49,543 - spyne.interface._base - DEBUG - _base:populate_interface:364 - populating 'services.soap_service.InsuranceSoapService' routes...
2025-05-23 20:45:49,543 - spyne.interface._base - DEBUG - _base:process_method:289 -   adding method InsuranceSoapService.SendRequest to match '{insurance.services}SendRequest' tag.
2025-05-23 20:45:49,544 - spyne.interface._base - DEBUG - _base:populate_interface:396 - From this point on, you're not supposed to make any changes to the class and method structure of the exposed services.
2025-05-23 20:45:49,544 - spyne.interface.xml_schema - DEBUG - _base:build_validation_schema:211 - generating schema for targetNamespace='insurance.services', prefix: 'tns' in dir 'C:\\Users\\SUPPOR~1\\AppData\\Local\\Temp\\spyne3rrgunae'
2025-05-23 20:45:49,545 - spyne.interface.xml_schema - DEBUG - _base:build_validation_schema:221 - writing 'C:\\Users\\SUPPOR~1\\AppData\\Local\\Temp\\spyne3rrgunae\\tns.xsd' for ns insurance.services
2025-05-23 20:45:49,545 - spyne.interface.xml_schema - DEBUG - _base:build_validation_schema:221 - writing 'C:\\Users\\SUPPOR~1\\AppData\\Local\\Temp\\spyne3rrgunae\\s0.xsd' for ns models.soap_responses
2025-05-23 20:45:49,588 - spyne.interface.xml_schema - DEBUG - _base:build_validation_schema:237 - Schema built. Removed 'C:\\Users\\SUPPOR~1\\AppData\\Local\\Temp\\spyne3rrgunae'
2025-05-23 20:45:49,629 - spyne.util.appreg - DEBUG - appreg:register_application:84 - Registering <spyne.application.Application object at 0x000001763E77A110> as ('insurance.services', 'Application')
2025-05-23 20:45:49,629 - __main__ - INFO - app:create_soap_application:41 - Spyne application created.
2025-05-23 20:45:49,645 - __main__ - INFO - app:run_server:84 - Attempting to configure SSL.
2025-05-23 20:45:49,645 - __main__ - WARNING - app:run_server:106 - ⚠️ SSL configuration failed: SSL certificate not found or path not set: /Users/milanstojanovski/Projects/soap-web-services/server/ssl/cert.pem. Falling back to HTTP.
2025-05-23 20:45:49,645 - __main__ - WARNING - app:run_server:107 -    Ensure SSL_CERT_PATH and SSL_KEY_PATH in .env are correct and files exist.
2025-05-23 20:45:49,646 - __main__ - INFO - app:run_server:118 - 
🌍 Starting SOAP server at http://localhost:8000
2025-05-23 20:45:49,646 - __main__ - INFO - app:run_server:119 -    WSDL available at: http://localhost:8000/?wsdl
2025-05-23 20:45:49,646 - __main__ - INFO - app:run_server:120 - ⚙️  System mode: TEST
2025-05-23 20:45:49,647 - __main__ - INFO - app:run_server:121 - 🛑 Press Ctrl+C to stop

2025-05-23 20:46:56,642 - __main__ - INFO - app:run_server:126 - 
🛑 Server stopped by user (Ctrl+C).
2025-05-23 20:47:05,346 - root - INFO - logger:setup_logging:63 - Root logging configured. Level: DEBUG. Output to console. Output to file: logs/server_app.log.
2025-05-23 20:47:05,346 - __main__ - INFO - app:create_soap_application:34 - Creating Spyne SOAP application.
2025-05-23 20:47:05,346 - spyne.application - INFO - application:__init__:118 - Initializing application {insurance.services}Application...
2025-05-23 20:47:05,346 - spyne.interface._base - DEBUG - _base:populate_interface:332 - populating services.soap_service.InsuranceSoapService types...
2025-05-23 20:47:05,346 - spyne.interface._base - DEBUG - _base:populate_interface:352 -   enumerating classes for method 'SendRequest'
2025-05-23 20:47:05,346 - spyne.interface._base - DEBUG - _base:add_class:442 -     adding class "<class 'spyne.model.complex.SendRequest'>" for '{insurance.services}SendRequest'
2025-05-23 20:47:05,346 - spyne.interface._base - DEBUG - _base:add_class:481 -     adding SendRequest.UserName = <class 'spyne.model.primitive.string.Unicode'>
2025-05-23 20:47:05,347 - spyne.interface._base - DEBUG - _base:add_class:442 -     adding class "<class 'spyne.model.primitive.string.Unicode'>" for '{http://www.w3.org/2001/XMLSchema}string'
2025-05-23 20:47:05,347 - spyne.interface._base - DEBUG - _base:add_class:481 -     adding SendRequest.Password = <class 'spyne.model.primitive.string.Unicode'>
2025-05-23 20:47:05,347 - spyne.interface._base - DEBUG - _base:add_class:481 -     adding SendRequest.RequestType = <class 'spyne.model.primitive.string.Unicode'>
2025-05-23 20:47:05,347 - spyne.interface._base - DEBUG - _base:add_class:481 -     adding SendRequest.XMLData = <class 'spyne.model.primitive.string.Unicode'>
2025-05-23 20:47:05,347 - spyne.interface._base - DEBUG - _base:add_class:442 -     adding class "<class 'spyne.model.complex.SendRequestResponse'>" for '{insurance.services}SendRequestResponse'
2025-05-23 20:47:05,347 - spyne.interface._base - DEBUG - _base:add_class:481 -     adding SendRequestResponse.SendRequestResult = <class 'models.soap_responses.SendRequestOutput'>
2025-05-23 20:47:05,347 - spyne.interface._base - DEBUG - _base:add_class:442 -     adding class "<class 'models.soap_responses.SendRequestOutput'>" for '{models.soap_responses}SendRequestOutput'
2025-05-23 20:47:05,348 - spyne.interface._base - DEBUG - _base:add_class:494 -     importing 'models.soap_responses' to 'insurance.services' for SendRequestResponse.SendRequestResult(<class 'models.soap_responses.SendRequestOutput'>)
2025-05-23 20:47:05,349 - spyne.interface._base - DEBUG - _base:populate_interface:364 - populating 'services.soap_service.InsuranceSoapService' routes...
2025-05-23 20:47:05,349 - spyne.interface._base - DEBUG - _base:process_method:289 -   adding method InsuranceSoapService.SendRequest to match '{insurance.services}SendRequest' tag.
2025-05-23 20:47:05,349 - spyne.interface._base - DEBUG - _base:populate_interface:396 - From this point on, you're not supposed to make any changes to the class and method structure of the exposed services.
2025-05-23 20:47:05,350 - spyne.interface.xml_schema - DEBUG - _base:build_validation_schema:211 - generating schema for targetNamespace='insurance.services', prefix: 'tns' in dir 'C:\\Users\\SUPPOR~1\\AppData\\Local\\Temp\\spynehy5dqhch'
2025-05-23 20:47:05,351 - spyne.interface.xml_schema - DEBUG - _base:build_validation_schema:221 - writing 'C:\\Users\\SUPPOR~1\\AppData\\Local\\Temp\\spynehy5dqhch\\tns.xsd' for ns insurance.services
2025-05-23 20:47:05,351 - spyne.interface.xml_schema - DEBUG - _base:build_validation_schema:221 - writing 'C:\\Users\\SUPPOR~1\\AppData\\Local\\Temp\\spynehy5dqhch\\s0.xsd' for ns models.soap_responses
2025-05-23 20:47:05,359 - spyne.interface.xml_schema - DEBUG - _base:build_validation_schema:237 - Schema built. Removed 'C:\\Users\\SUPPOR~1\\AppData\\Local\\Temp\\spynehy5dqhch'
2025-05-23 20:47:05,362 - spyne.util.appreg - DEBUG - appreg:register_application:84 - Registering <spyne.application.Application object at 0x000002463D109C10> as ('insurance.services', 'Application')
2025-05-23 20:47:05,362 - __main__ - INFO - app:create_soap_application:41 - Spyne application created.
2025-05-23 20:47:05,379 - __main__ - INFO - app:run_server:84 - Attempting to configure SSL.
2025-05-23 20:47:05,380 - __main__ - INFO - app:validate_ssl_files:51 - Validating SSL certificate: C:\soap-web-services\server\ssl\cert.pem and key: C:\soap-web-services\server\ssl\key.pem
2025-05-23 20:47:05,426 - __main__ - INFO - app:validate_ssl_files:56 - SSL certificate and key validated successfully.
2025-05-23 20:47:05,428 - __main__ - INFO - app:run_server:102 - 🔐 SSL enabled successfully using:
2025-05-23 20:47:05,429 - __main__ - INFO - app:run_server:103 -     Certificate: C:\soap-web-services\server\ssl\cert.pem
2025-05-23 20:47:05,429 - __main__ - INFO - app:run_server:104 -     Private Key: C:\soap-web-services\server\ssl\key.pem
2025-05-23 20:47:05,429 - __main__ - INFO - app:run_server:118 - 
🌍 Starting SOAP server at https://localhost:8000
2025-05-23 20:47:05,430 - __main__ - INFO - app:run_server:119 -    WSDL available at: https://localhost:8000/?wsdl
2025-05-23 20:47:05,430 - __main__ - INFO - app:run_server:120 - ⚙️  System mode: TEST
2025-05-23 20:47:05,430 - __main__ - INFO - app:run_server:121 - 🛑 Press Ctrl+C to stop

2025-05-23 20:47:23,023 - spyne.server.wsgi - DEBUG - wsgi:_get_http_headers:155 - Add http header 'host' = ['localhost:8000']
2025-05-23 20:47:23,023 - spyne.server.wsgi - DEBUG - wsgi:_get_http_headers:155 - Add http header 'user_agent' = ['Zeep/4.3.1 (www.python-zeep.org)']
2025-05-23 20:47:23,024 - spyne.server.wsgi - DEBUG - wsgi:_get_http_headers:155 - Add http header 'accept_encoding' = ['gzip, deflate']
2025-05-23 20:47:23,024 - spyne.server.wsgi - DEBUG - wsgi:_get_http_headers:155 - Add http header 'accept' = ['*/*']
2025-05-23 20:47:23,024 - spyne.server.wsgi - DEBUG - wsgi:_get_http_headers:155 - Add http header 'connection' = ['keep-alive']
2025-05-23 20:47:23,033 - spyne - DEBUG - context:close:406 - gc.collect() took around 10ms.
2025-05-23 20:47:25,140 - spyne.server.wsgi - DEBUG - wsgi:_get_http_headers:155 - Add http header 'host' = ['localhost:8000']
2025-05-23 20:47:25,141 - spyne.server.wsgi - DEBUG - wsgi:_get_http_headers:155 - Add http header 'user_agent' = ['Zeep/4.3.1 (www.python-zeep.org)']
2025-05-23 20:47:25,141 - spyne.server.wsgi - DEBUG - wsgi:_get_http_headers:155 - Add http header 'accept_encoding' = ['gzip, deflate']
2025-05-23 20:47:25,141 - spyne.server.wsgi - DEBUG - wsgi:_get_http_headers:155 - Add http header 'accept' = ['*/*']
2025-05-23 20:47:25,141 - spyne.server.wsgi - DEBUG - wsgi:_get_http_headers:155 - Add http header 'connection' = ['keep-alive']
2025-05-23 20:47:25,141 - spyne.server.wsgi - DEBUG - wsgi:_get_http_headers:155 - Add http header 'soapaction' = ['"SendRequest"']
2025-05-23 20:47:25,142 - services.soap_service - INFO - soap_service:__init__:33 - DataSecurity initialized successfully in InsuranceSoapService instance (id: 2500694814480).
2025-05-23 20:47:25,142 - services.soap_service - DEBUG - soap_service:SendRequest:172 - SendRequest called. Service instance id: 2500694814480
2025-05-23 20:47:25,142 - services.soap_service - INFO - soap_service:SendRequest:174 - SendRequest(User='admin', ReqType='SendRegistration'): Received request
2025-05-23 20:47:25,142 - services.soap_service - DEBUG - soap_service:SendRequest:182 - SendRequest(User='admin', ReqType='SendRegistration'): Authenticating...
2025-05-23 20:47:25,142 - services.soap_service - DEBUG - soap_service:SendRequest:187 - SendRequest(User='admin', ReqType='SendRegistration'): Decrypting payload...
2025-05-23 20:47:25,143 - services.soap_service - DEBUG - soap_service:SendRequest:193 - SendRequest(User='admin', ReqType='SendRegistration'): Parsing XML...
2025-05-23 20:47:25,144 - services.soap_service - INFO - soap_service:_call_handler_method:79 - [Handler:SendRegistration] Starting processing.
2025-05-23 20:47:25,162 - services.soap_service - DEBUG - soap_service:_handle_send_registration:96 - [SendRegistration] Input data parsed: {
  "Partner": "Iute Credit Macedonia DOOEL Skopje",
  "GACID": "PPIMK0000001/25",
  "CertificateID": "PPIMK0000001/25",
  "Insured": {
    "PartnerReferenceID": "#REFID_TESTCLIENT",
    "PersonType": "1",
    "VATNumber": null,
    "Title": "Dr.",
    "LastName": "TesterClient",
    "FirstName": "John",
    "Country": "HU",
    "ZIP": "1062",
    "State": "Pest",
    "City": "BUDAPEST",
    "Street": "Test Utca 123",
    "BirthPlace": "BUDAPEST",
    "BirthDateDMY": "01-01-1980",
    "Gender": "Male",
    "Phone": "+3612345678",
    "Email": "john.tester.client@example.com"
  },
  "Policy": {
    "Cover": "Sigurimi i Mbrojtjes se Kredise +",
    "ValidFrom": "01-06-2025",
    "ValidTo": "01.06.2027",
    "ValidToSMO": "01-06-2026",
    "CurrencyCode": "MKD",
    "SumInsured": "100000.00",
    "SumInsuredEUR": "1625.18",
    "Premium": "4800.00",
    "AdditionalPremium": "333.29",
    "GrossPremium": "5133.29"
  }
}
2025-05-23 20:47:25,162 - services.soap_service - INFO - soap_service:_call_handler_method:84 - [Handler:SendRegistration] Processed successfully.
2025-05-23 20:47:25,163 - services.soap_service - INFO - soap_service:SendRequest:241 - SendRequest(User='admin', ReqType='SendRegistration'): Completed with status 1
2025-05-23 20:47:25,176 - spyne - DEBUG - context:close:406 - gc.collect() took around 10ms.
2025-05-23 20:53:03,674 - spyne.server.wsgi - DEBUG - wsgi:_get_http_headers:155 - Add http header 'host' = ['localhost:8000']
2025-05-23 20:53:13,250 - spyne.server.wsgi - DEBUG - wsgi:_get_http_headers:155 - Add http header 'host' = ['localhost:8000']
2025-05-23 20:53:13,250 - spyne.server.wsgi - DEBUG - wsgi:_get_http_headers:155 - Add http header 'user_agent' = ['Zeep/4.3.1 (www.python-zeep.org)']
2025-05-23 20:53:13,250 - spyne.server.wsgi - DEBUG - wsgi:_get_http_headers:155 - Add http header 'accept_encoding' = ['gzip, deflate']
2025-05-23 20:53:13,250 - spyne.server.wsgi - DEBUG - wsgi:_get_http_headers:155 - Add http header 'accept' = ['*/*']
2025-05-23 20:53:13,250 - spyne.server.wsgi - DEBUG - wsgi:_get_http_headers:155 - Add http header 'connection' = ['keep-alive']
2025-05-23 20:53:13,261 - spyne - DEBUG - context:close:406 - gc.collect() took around 10ms.
2025-05-23 20:53:15,383 - spyne.server.wsgi - DEBUG - wsgi:_get_http_headers:155 - Add http header 'host' = ['localhost:8000']
2025-05-23 20:53:15,383 - spyne.server.wsgi - DEBUG - wsgi:_get_http_headers:155 - Add http header 'user_agent' = ['Zeep/4.3.1 (www.python-zeep.org)']
2025-05-23 20:53:15,383 - spyne.server.wsgi - DEBUG - wsgi:_get_http_headers:155 - Add http header 'accept_encoding' = ['gzip, deflate']
2025-05-23 20:53:15,383 - spyne.server.wsgi - DEBUG - wsgi:_get_http_headers:155 - Add http header 'accept' = ['*/*']
2025-05-23 20:53:15,384 - spyne.server.wsgi - DEBUG - wsgi:_get_http_headers:155 - Add http header 'connection' = ['keep-alive']
2025-05-23 20:53:15,384 - spyne.server.wsgi - DEBUG - wsgi:_get_http_headers:155 - Add http header 'soapaction' = ['"SendRequest"']
2025-05-23 20:53:15,384 - services.soap_service - INFO - soap_service:__init__:33 - DataSecurity initialized successfully in InsuranceSoapService instance (id: 2500694856784).
2025-05-23 20:53:15,384 - services.soap_service - DEBUG - soap_service:SendRequest:172 - SendRequest called. Service instance id: 2500694856784
2025-05-23 20:53:15,384 - services.soap_service - INFO - soap_service:SendRequest:174 - SendRequest(User='admin', ReqType='SendRegistration'): Received request
2025-05-23 20:53:15,385 - services.soap_service - DEBUG - soap_service:SendRequest:182 - SendRequest(User='admin', ReqType='SendRegistration'): Authenticating...
2025-05-23 20:53:15,385 - services.soap_service - DEBUG - soap_service:SendRequest:187 - SendRequest(User='admin', ReqType='SendRegistration'): Decrypting payload...
2025-05-23 20:53:15,385 - services.soap_service - DEBUG - soap_service:SendRequest:193 - SendRequest(User='admin', ReqType='SendRegistration'): Parsing XML...
2025-05-23 20:53:15,385 - services.soap_service - INFO - soap_service:_call_handler_method:79 - [Handler:SendRegistration] Starting processing.
2025-05-23 20:53:15,386 - services.soap_service - DEBUG - soap_service:_handle_send_registration:96 - [SendRegistration] Input data parsed: {
  "Partner": "Iute Credit Macedonia DOOEL Skopje",
  "GACID": "PPIMK0000001/25",
  "CertificateID": "PPIMK0000001/25",
  "Insured": {
    "PartnerReferenceID": "#REFID_TESTCLIENT",
    "PersonType": "1",
    "VATNumber": null,
    "Title": "Dr.",
    "LastName": "TesterClient",
    "FirstName": "John",
    "Country": "HU",
    "ZIP": "1062",
    "State": "Pest",
    "City": "BUDAPEST",
    "Street": "Test Utca 123",
    "BirthPlace": "BUDAPEST",
    "BirthDateDMY": "01-01-1980",
    "Gender": "Male",
    "Phone": "+3612345678",
    "Email": "john.tester.client@example.com"
  },
  "Policy": {
    "Cover": "Sigurimi i Mbrojtjes se Kredise +",
    "ValidFrom": "01-06-2025",
    "ValidTo": "01.06.2027",
    "ValidToSMO": "01-06-2026",
    "CurrencyCode": "MKD",
    "SumInsured": "100000.00",
    "SumInsuredEUR": "1625.18",
    "Premium": "4800.00",
    "AdditionalPremium": "333.29",
    "GrossPremium": "5133.29"
  }
}
2025-05-23 20:53:15,386 - services.soap_service - INFO - soap_service:_call_handler_method:84 - [Handler:SendRegistration] Processed successfully.
2025-05-23 20:53:15,386 - services.soap_service - INFO - soap_service:SendRequest:241 - SendRequest(User='admin', ReqType='SendRegistration'): Completed with status 1
2025-05-23 20:53:15,396 - spyne - DEBUG - context:close:406 - gc.collect() took around 10ms.
2025-05-23 20:53:36,363 - __main__ - INFO - app:run_server:126 - 
🛑 Server stopped by user (Ctrl+C).
2025-05-23 20:53:39,088 - root - INFO - logger:setup_logging:63 - Root logging configured. Level: DEBUG. Output to console. Output to file: logs/server_app.log.
2025-05-23 20:53:39,088 - __main__ - INFO - app:create_soap_application:34 - Creating Spyne SOAP application.
2025-05-23 20:53:39,089 - spyne.application - INFO - application:__init__:118 - Initializing application {insurance.services}Application...
2025-05-23 20:53:39,089 - spyne.interface._base - DEBUG - _base:populate_interface:332 - populating services.soap_service.InsuranceSoapService types...
2025-05-23 20:53:39,089 - spyne.interface._base - DEBUG - _base:populate_interface:352 -   enumerating classes for method 'SendRequest'
2025-05-23 20:53:39,089 - spyne.interface._base - DEBUG - _base:add_class:442 -     adding class "<class 'spyne.model.complex.SendRequest'>" for '{insurance.services}SendRequest'
2025-05-23 20:53:39,089 - spyne.interface._base - DEBUG - _base:add_class:481 -     adding SendRequest.UserName = <class 'spyne.model.primitive.string.Unicode'>
2025-05-23 20:53:39,089 - spyne.interface._base - DEBUG - _base:add_class:442 -     adding class "<class 'spyne.model.primitive.string.Unicode'>" for '{http://www.w3.org/2001/XMLSchema}string'
2025-05-23 20:53:39,089 - spyne.interface._base - DEBUG - _base:add_class:481 -     adding SendRequest.Password = <class 'spyne.model.primitive.string.Unicode'>
2025-05-23 20:53:39,090 - spyne.interface._base - DEBUG - _base:add_class:481 -     adding SendRequest.RequestType = <class 'spyne.model.primitive.string.Unicode'>
2025-05-23 20:53:39,090 - spyne.interface._base - DEBUG - _base:add_class:481 -     adding SendRequest.XMLData = <class 'spyne.model.primitive.string.Unicode'>
2025-05-23 20:53:39,090 - spyne.interface._base - DEBUG - _base:add_class:442 -     adding class "<class 'spyne.model.complex.SendRequestResponse'>" for '{insurance.services}SendRequestResponse'
2025-05-23 20:53:39,090 - spyne.interface._base - DEBUG - _base:add_class:481 -     adding SendRequestResponse.SendRequestResult = <class 'models.soap_responses.SendRequestOutput'>
2025-05-23 20:53:39,090 - spyne.interface._base - DEBUG - _base:add_class:442 -     adding class "<class 'models.soap_responses.SendRequestOutput'>" for '{models.soap_responses}SendRequestOutput'
2025-05-23 20:53:39,090 - spyne.interface._base - DEBUG - _base:add_class:494 -     importing 'models.soap_responses' to 'insurance.services' for SendRequestResponse.SendRequestResult(<class 'models.soap_responses.SendRequestOutput'>)
2025-05-23 20:53:39,090 - spyne.interface._base - DEBUG - _base:populate_interface:364 - populating 'services.soap_service.InsuranceSoapService' routes...
2025-05-23 20:53:39,090 - spyne.interface._base - DEBUG - _base:process_method:289 -   adding method InsuranceSoapService.SendRequest to match '{insurance.services}SendRequest' tag.
2025-05-23 20:53:39,090 - spyne.interface._base - DEBUG - _base:populate_interface:396 - From this point on, you're not supposed to make any changes to the class and method structure of the exposed services.
2025-05-23 20:53:39,091 - spyne.interface.xml_schema - DEBUG - _base:build_validation_schema:211 - generating schema for targetNamespace='insurance.services', prefix: 'tns' in dir 'C:\\Users\\SUPPOR~1\\AppData\\Local\\Temp\\spyne62jfd1x2'
2025-05-23 20:53:39,092 - spyne.interface.xml_schema - DEBUG - _base:build_validation_schema:221 - writing 'C:\\Users\\SUPPOR~1\\AppData\\Local\\Temp\\spyne62jfd1x2\\tns.xsd' for ns insurance.services
2025-05-23 20:53:39,092 - spyne.interface.xml_schema - DEBUG - _base:build_validation_schema:221 - writing 'C:\\Users\\SUPPOR~1\\AppData\\Local\\Temp\\spyne62jfd1x2\\s0.xsd' for ns models.soap_responses
2025-05-23 20:53:39,129 - spyne.interface.xml_schema - DEBUG - _base:build_validation_schema:237 - Schema built. Removed 'C:\\Users\\SUPPOR~1\\AppData\\Local\\Temp\\spyne62jfd1x2'
2025-05-23 20:53:39,165 - spyne.util.appreg - DEBUG - appreg:register_application:84 - Registering <spyne.application.Application object at 0x000001D8DCAF9B90> as ('insurance.services', 'Application')
2025-05-23 20:53:39,165 - __main__ - INFO - app:create_soap_application:41 - Spyne application created.
2025-05-23 20:53:39,181 - __main__ - INFO - app:run_server:84 - Attempting to configure SSL.
2025-05-23 20:53:39,182 - __main__ - INFO - app:validate_ssl_files:51 - Validating SSL certificate: C:\soap-web-services\server\ssl\cert.pem and key: C:\soap-web-services\server\ssl\key.pem
2025-05-23 20:53:39,229 - __main__ - INFO - app:validate_ssl_files:56 - SSL certificate and key validated successfully.
2025-05-23 20:53:39,232 - __main__ - INFO - app:run_server:102 - 🔐 SSL enabled successfully using:
2025-05-23 20:53:39,232 - __main__ - INFO - app:run_server:103 -     Certificate: C:\soap-web-services\server\ssl\cert.pem
2025-05-23 20:53:39,232 - __main__ - INFO - app:run_server:104 -     Private Key: C:\soap-web-services\server\ssl\key.pem
2025-05-23 20:53:39,232 - __main__ - INFO - app:run_server:118 - 
🌍 Starting SOAP server at https://localhost:8000
2025-05-23 20:53:39,232 - __main__ - INFO - app:run_server:119 -    WSDL available at: https://localhost:8000/?wsdl
2025-05-23 20:53:39,232 - __main__ - INFO - app:run_server:120 - ⚙️  System mode: TEST
2025-05-23 20:53:39,233 - __main__ - INFO - app:run_server:121 - 🛑 Press Ctrl+C to stop

2025-05-23 20:53:47,490 - spyne.server.wsgi - DEBUG - wsgi:_get_http_headers:155 - Add http header 'host' = ['localhost:8000']
2025-05-23 20:53:47,490 - spyne.server.wsgi - DEBUG - wsgi:_get_http_headers:155 - Add http header 'user_agent' = ['Zeep/4.3.1 (www.python-zeep.org)']
2025-05-23 20:53:47,490 - spyne.server.wsgi - DEBUG - wsgi:_get_http_headers:155 - Add http header 'accept_encoding' = ['gzip, deflate']
2025-05-23 20:53:47,491 - spyne.server.wsgi - DEBUG - wsgi:_get_http_headers:155 - Add http header 'accept' = ['*/*']
2025-05-23 20:53:47,491 - spyne.server.wsgi - DEBUG - wsgi:_get_http_headers:155 - Add http header 'connection' = ['keep-alive']
2025-05-23 20:53:47,502 - spyne - DEBUG - context:close:406 - gc.collect() took around 10ms.
2025-05-23 20:53:49,607 - spyne.server.wsgi - DEBUG - wsgi:_get_http_headers:155 - Add http header 'host' = ['localhost:8000']
2025-05-23 20:53:49,607 - spyne.server.wsgi - DEBUG - wsgi:_get_http_headers:155 - Add http header 'user_agent' = ['Zeep/4.3.1 (www.python-zeep.org)']
2025-05-23 20:53:49,608 - spyne.server.wsgi - DEBUG - wsgi:_get_http_headers:155 - Add http header 'accept_encoding' = ['gzip, deflate']
2025-05-23 20:53:49,608 - spyne.server.wsgi - DEBUG - wsgi:_get_http_headers:155 - Add http header 'accept' = ['*/*']
2025-05-23 20:53:49,608 - spyne.server.wsgi - DEBUG - wsgi:_get_http_headers:155 - Add http header 'connection' = ['keep-alive']
2025-05-23 20:53:49,608 - spyne.server.wsgi - DEBUG - wsgi:_get_http_headers:155 - Add http header 'soapaction' = ['"SendRequest"']
2025-05-23 20:53:49,609 - services.soap_service - INFO - soap_service:__init__:33 - DataSecurity initialized successfully in InsuranceSoapService instance (id: 2030925996112).
2025-05-23 20:53:49,610 - services.soap_service - DEBUG - soap_service:SendRequest:172 - SendRequest called. Service instance id: 2030925996112
2025-05-23 20:53:49,610 - services.soap_service - INFO - soap_service:SendRequest:174 - SendRequest(User='admin', ReqType='SendRegistration'): Received request
2025-05-23 20:53:49,610 - services.soap_service - DEBUG - soap_service:SendRequest:182 - SendRequest(User='admin', ReqType='SendRegistration'): Authenticating...
2025-05-23 20:53:49,610 - services.soap_service - DEBUG - soap_service:SendRequest:187 - SendRequest(User='admin', ReqType='SendRegistration'): Decrypting payload...
2025-05-23 20:53:49,612 - services.soap_service - DEBUG - soap_service:SendRequest:193 - SendRequest(User='admin', ReqType='SendRegistration'): Parsing XML...
2025-05-23 20:53:49,612 - services.soap_service - INFO - soap_service:_call_handler_method:79 - [Handler:SendRegistration] Starting processing.
2025-05-23 20:53:49,614 - services.soap_service - DEBUG - soap_service:_handle_send_registration:96 - [SendRegistration] Input data parsed: {
  "Partner": "Iute Credit Macedonia DOOEL Skopje",
  "GACID": "PPIMK0000001/25",
  "CertificateID": "PPIMK0000001/25",
  "Insured": {
    "PartnerReferenceID": "#REFID_TESTCLIENT",
    "PersonType": "1",
    "VATNumber": null,
    "Title": "Dr.",
    "LastName": "TesterClient",
    "FirstName": "John",
    "Country": "HU",
    "ZIP": "1062",
    "State": "Pest",
    "City": "BUDAPEST",
    "Street": "Test Utca 123",
    "BirthPlace": "BUDAPEST",
    "BirthDateDMY": "01-01-1980",
    "Gender": "Male",
    "Phone": "+3612345678",
    "Email": "john.tester.client@example.com"
  },
  "Policy": {
    "Cover": "Sigurimi i Mbrojtjes se Kredise +",
    "ValidFrom": "01-06-2025",
    "ValidTo": "01.06.2027",
    "ValidToSMO": "01-06-2026",
    "CurrencyCode": "MKD",
    "SumInsured": "100000.00",
    "SumInsuredEUR": "1625.18",
    "Premium": "4800.00",
    "AdditionalPremium": "333.29",
    "GrossPremium": "5133.29"
  }
}
2025-05-23 20:53:49,614 - services.soap_service - INFO - soap_service:_call_handler_method:84 - [Handler:SendRegistration] Processed successfully.
2025-05-23 20:53:49,615 - services.soap_service - INFO - soap_service:SendRequest:241 - SendRequest(User='admin', ReqType='SendRegistration'): Completed with status 1
2025-05-23 20:53:49,629 - spyne - DEBUG - context:close:406 - gc.collect() took around 10ms.
2025-05-23 20:54:58,824 - spyne.server.wsgi - DEBUG - wsgi:_get_http_headers:155 - Add http header 'host' = ['localhost:8000']
2025-05-23 20:54:58,825 - spyne.server.wsgi - DEBUG - wsgi:_get_http_headers:155 - Add http header 'user_agent' = ['Zeep/4.3.1 (www.python-zeep.org)']
2025-05-23 20:54:58,825 - spyne.server.wsgi - DEBUG - wsgi:_get_http_headers:155 - Add http header 'accept_encoding' = ['gzip, deflate']
2025-05-23 20:54:58,825 - spyne.server.wsgi - DEBUG - wsgi:_get_http_headers:155 - Add http header 'accept' = ['*/*']
2025-05-23 20:54:58,825 - spyne.server.wsgi - DEBUG - wsgi:_get_http_headers:155 - Add http header 'connection' = ['keep-alive']
2025-05-23 20:54:58,834 - spyne - DEBUG - context:close:406 - gc.collect() took around 10ms.
2025-05-23 20:55:00,932 - spyne.server.wsgi - DEBUG - wsgi:_get_http_headers:155 - Add http header 'host' = ['localhost:8000']
2025-05-23 20:55:00,933 - spyne.server.wsgi - DEBUG - wsgi:_get_http_headers:155 - Add http header 'user_agent' = ['Zeep/4.3.1 (www.python-zeep.org)']
2025-05-23 20:55:00,933 - spyne.server.wsgi - DEBUG - wsgi:_get_http_headers:155 - Add http header 'accept_encoding' = ['gzip, deflate']
2025-05-23 20:55:00,933 - spyne.server.wsgi - DEBUG - wsgi:_get_http_headers:155 - Add http header 'accept' = ['*/*']
2025-05-23 20:55:00,934 - spyne.server.wsgi - DEBUG - wsgi:_get_http_headers:155 - Add http header 'connection' = ['keep-alive']
2025-05-23 20:55:00,934 - spyne.server.wsgi - DEBUG - wsgi:_get_http_headers:155 - Add http header 'soapaction' = ['"SendRequest"']
2025-05-23 20:55:00,934 - services.soap_service - INFO - soap_service:__init__:33 - DataSecurity initialized successfully in InsuranceSoapService instance (id: 2030919836752).
2025-05-23 20:55:00,935 - services.soap_service - DEBUG - soap_service:SendRequest:172 - SendRequest called. Service instance id: 2030919836752
2025-05-23 20:55:00,935 - services.soap_service - INFO - soap_service:SendRequest:174 - SendRequest(User='admin', ReqType='SendRegistration'): Received request
2025-05-23 20:55:00,935 - services.soap_service - DEBUG - soap_service:SendRequest:182 - SendRequest(User='admin', ReqType='SendRegistration'): Authenticating...
2025-05-23 20:55:00,935 - services.soap_service - DEBUG - soap_service:SendRequest:187 - SendRequest(User='admin', ReqType='SendRegistration'): Decrypting payload...
2025-05-23 20:55:00,935 - services.soap_service - DEBUG - soap_service:SendRequest:193 - SendRequest(User='admin', ReqType='SendRegistration'): Parsing XML...
2025-05-23 20:55:00,936 - services.soap_service - INFO - soap_service:_call_handler_method:79 - [Handler:SendRegistration] Starting processing.
2025-05-23 20:55:00,936 - services.soap_service - DEBUG - soap_service:_handle_send_registration:96 - [SendRegistration] Input data parsed: {
  "Partner": "Iute Credit Macedonia DOOEL Skopje",
  "GACID": "PPIMK0000001/25",
  "CertificateID": "PPIMK0000001/25",
  "Insured": {
    "PartnerReferenceID": "#REFID_TESTCLIENT",
    "PersonType": "1",
    "VATNumber": null,
    "Title": "Dr.",
    "LastName": "TesterClient",
    "FirstName": "John",
    "Country": "HU",
    "ZIP": "1062",
    "State": "Pest",
    "City": "BUDAPEST",
    "Street": "Test Utca 123",
    "BirthPlace": "BUDAPEST",
    "BirthDateDMY": "01-01-1980",
    "Gender": "Male",
    "Phone": "+3612345678",
    "Email": "john.tester.client@example.com"
  },
  "Policy": {
    "Cover": "Sigurimi i Mbrojtjes se Kredise +",
    "ValidFrom": "01-06-2025",
    "ValidTo": "01.06.2027",
    "ValidToSMO": "01-06-2026",
    "CurrencyCode": "MKD",
    "SumInsured": "100000.00",
    "SumInsuredEUR": "1625.18",
    "Premium": "4800.00",
    "AdditionalPremium": "333.29",
    "GrossPremium": "5133.29"
  }
}
2025-05-23 20:55:00,936 - services.soap_service - INFO - soap_service:_call_handler_method:84 - [Handler:SendRegistration] Processed successfully.
2025-05-23 20:55:00,936 - services.soap_service - INFO - soap_service:SendRequest:241 - SendRequest(User='admin', ReqType='SendRegistration'): Completed with status 1
2025-05-23 20:55:00,945 - spyne - DEBUG - context:close:406 - gc.collect() took around 10ms.
2025-05-23 21:03:56,489 - spyne.server.wsgi - DEBUG - wsgi:_get_http_headers:155 - Add http header 'host' = ['localhost:8000']
2025-05-23 21:03:56,489 - spyne.server.wsgi - DEBUG - wsgi:_get_http_headers:155 - Add http header 'user_agent' = ['Zeep/4.3.1 (www.python-zeep.org)']
2025-05-23 21:03:56,490 - spyne.server.wsgi - DEBUG - wsgi:_get_http_headers:155 - Add http header 'accept_encoding' = ['gzip, deflate']
2025-05-23 21:03:56,490 - spyne.server.wsgi - DEBUG - wsgi:_get_http_headers:155 - Add http header 'accept' = ['*/*']
2025-05-23 21:03:56,490 - spyne.server.wsgi - DEBUG - wsgi:_get_http_headers:155 - Add http header 'connection' = ['keep-alive']
2025-05-23 21:03:56,502 - spyne - DEBUG - context:close:406 - gc.collect() took around 10ms.
2025-05-23 21:03:58,638 - spyne.server.wsgi - DEBUG - wsgi:_get_http_headers:155 - Add http header 'host' = ['localhost:8000']
2025-05-23 21:03:58,639 - spyne.server.wsgi - DEBUG - wsgi:_get_http_headers:155 - Add http header 'user_agent' = ['Zeep/4.3.1 (www.python-zeep.org)']
2025-05-23 21:03:58,639 - spyne.server.wsgi - DEBUG - wsgi:_get_http_headers:155 - Add http header 'accept_encoding' = ['gzip, deflate']
2025-05-23 21:03:58,639 - spyne.server.wsgi - DEBUG - wsgi:_get_http_headers:155 - Add http header 'accept' = ['*/*']
2025-05-23 21:03:58,639 - spyne.server.wsgi - DEBUG - wsgi:_get_http_headers:155 - Add http header 'connection' = ['keep-alive']
2025-05-23 21:03:58,639 - spyne.server.wsgi - DEBUG - wsgi:_get_http_headers:155 - Add http header 'soapaction' = ['"SendRequest"']
2025-05-23 21:03:58,640 - services.soap_service - INFO - soap_service:__init__:33 - DataSecurity initialized successfully in InsuranceSoapService instance (id: 2030919823056).
2025-05-23 21:03:58,640 - services.soap_service - DEBUG - soap_service:SendRequest:172 - SendRequest called. Service instance id: 2030919823056
2025-05-23 21:03:58,641 - services.soap_service - INFO - soap_service:SendRequest:174 - SendRequest(User='admin', ReqType='SendRegistration'): Received request
2025-05-23 21:03:58,641 - services.soap_service - DEBUG - soap_service:SendRequest:182 - SendRequest(User='admin', ReqType='SendRegistration'): Authenticating...
2025-05-23 21:03:58,641 - services.soap_service - DEBUG - soap_service:SendRequest:187 - SendRequest(User='admin', ReqType='SendRegistration'): Decrypting payload...
2025-05-23 21:03:58,641 - services.soap_service - DEBUG - soap_service:SendRequest:193 - SendRequest(User='admin', ReqType='SendRegistration'): Parsing XML...
2025-05-23 21:03:58,641 - services.soap_service - INFO - soap_service:_call_handler_method:79 - [Handler:SendRegistration] Starting processing.
2025-05-23 21:03:58,642 - services.soap_service - DEBUG - soap_service:_handle_send_registration:96 - [SendRegistration] Input data parsed: {
  "Partner": "Iute Credit Macedonia DOOEL Skopje",
  "GACID": "PPIMK0000001/25",
  "CertificateID": "PPIMK0000001/25",
  "Insured": {
    "PartnerReferenceID": "#REFID_TESTCLIENT",
    "PersonType": "1",
    "VATNumber": null,
    "Title": "Dr.",
    "LastName": "TesterClient",
    "FirstName": "John",
    "Country": "HU",
    "ZIP": "1062",
    "State": "Pest",
    "City": "BUDAPEST",
    "Street": "Test Utca 123",
    "BirthPlace": "BUDAPEST",
    "BirthDateDMY": "01-01-1980",
    "Gender": "Male",
    "Phone": "+3612345678",
    "Email": "john.tester.client@example.com"
  },
  "Policy": {
    "Cover": "Sigurimi i Mbrojtjes se Kredise +",
    "ValidFrom": "01-06-2025",
    "ValidTo": "01.06.2027",
    "ValidToSMO": "01-06-2026",
    "CurrencyCode": "MKD",
    "SumInsured": "100000.00",
    "SumInsuredEUR": "1625.18",
    "Premium": "4800.00",
    "AdditionalPremium": "333.29",
    "GrossPremium": "5133.29"
  }
}
2025-05-23 21:03:58,642 - services.soap_service - INFO - soap_service:_call_handler_method:84 - [Handler:SendRegistration] Processed successfully.
2025-05-23 21:03:58,643 - services.soap_service - INFO - soap_service:SendRequest:241 - SendRequest(User='admin', ReqType='SendRegistration'): Completed with status 1
2025-05-23 21:03:58,657 - spyne - DEBUG - context:close:406 - gc.collect() took around 10ms.
2025-05-23 21:05:57,301 - __main__ - INFO - app:run_server:126 - 
🛑 Server stopped by user (Ctrl+C).
2025-05-23 21:07:06,130 - root - INFO - logger:setup_logging:63 - Root logging configured. Level: DEBUG. Output to console. Output to file: logs/server_app.log.
2025-05-23 21:07:06,131 - __main__ - INFO - app:create_soap_application:34 - Creating Spyne SOAP application.
2025-05-23 21:07:06,131 - spyne.application - INFO - application:__init__:118 - Initializing application {insurance.services}Application...
2025-05-23 21:07:06,131 - spyne.interface._base - DEBUG - _base:populate_interface:332 - populating services.soap_service.InsuranceSoapService types...
2025-05-23 21:07:06,131 - spyne.interface._base - DEBUG - _base:populate_interface:352 -   enumerating classes for method 'SendRequest'
2025-05-23 21:07:06,131 - spyne.interface._base - DEBUG - _base:add_class:442 -     adding class "<class 'spyne.model.complex.SendRequest'>" for '{insurance.services}SendRequest'
2025-05-23 21:07:06,132 - spyne.interface._base - DEBUG - _base:add_class:481 -     adding SendRequest.UserName = <class 'spyne.model.primitive.string.Unicode'>
2025-05-23 21:07:06,132 - spyne.interface._base - DEBUG - _base:add_class:442 -     adding class "<class 'spyne.model.primitive.string.Unicode'>" for '{http://www.w3.org/2001/XMLSchema}string'
2025-05-23 21:07:06,132 - spyne.interface._base - DEBUG - _base:add_class:481 -     adding SendRequest.Password = <class 'spyne.model.primitive.string.Unicode'>
2025-05-23 21:07:06,132 - spyne.interface._base - DEBUG - _base:add_class:481 -     adding SendRequest.RequestType = <class 'spyne.model.primitive.string.Unicode'>
2025-05-23 21:07:06,132 - spyne.interface._base - DEBUG - _base:add_class:481 -     adding SendRequest.XMLData = <class 'spyne.model.primitive.string.Unicode'>
2025-05-23 21:07:06,133 - spyne.interface._base - DEBUG - _base:add_class:442 -     adding class "<class 'spyne.model.complex.SendRequestResponse'>" for '{insurance.services}SendRequestResponse'
2025-05-23 21:07:06,133 - spyne.interface._base - DEBUG - _base:add_class:481 -     adding SendRequestResponse.SendRequestResult = <class 'models.soap_responses.SendRequestOutput'>
2025-05-23 21:07:06,133 - spyne.interface._base - DEBUG - _base:add_class:442 -     adding class "<class 'models.soap_responses.SendRequestOutput'>" for '{models.soap_responses}SendRequestOutput'
2025-05-23 21:07:06,133 - spyne.interface._base - DEBUG - _base:add_class:494 -     importing 'models.soap_responses' to 'insurance.services' for SendRequestResponse.SendRequestResult(<class 'models.soap_responses.SendRequestOutput'>)
2025-05-23 21:07:06,133 - spyne.interface._base - DEBUG - _base:populate_interface:364 - populating 'services.soap_service.InsuranceSoapService' routes...
2025-05-23 21:07:06,134 - spyne.interface._base - DEBUG - _base:process_method:289 -   adding method InsuranceSoapService.SendRequest to match '{insurance.services}SendRequest' tag.
2025-05-23 21:07:06,134 - spyne.interface._base - DEBUG - _base:populate_interface:396 - From this point on, you're not supposed to make any changes to the class and method structure of the exposed services.
2025-05-23 21:07:06,136 - spyne.interface.xml_schema - DEBUG - _base:build_validation_schema:211 - generating schema for targetNamespace='insurance.services', prefix: 'tns' in dir 'C:\\Users\\SUPPOR~1\\AppData\\Local\\Temp\\spynek_ewpqkd'
2025-05-23 21:07:06,138 - spyne.interface.xml_schema - DEBUG - _base:build_validation_schema:221 - writing 'C:\\Users\\SUPPOR~1\\AppData\\Local\\Temp\\spynek_ewpqkd\\tns.xsd' for ns insurance.services
2025-05-23 21:07:06,139 - spyne.interface.xml_schema - DEBUG - _base:build_validation_schema:221 - writing 'C:\\Users\\SUPPOR~1\\AppData\\Local\\Temp\\spynek_ewpqkd\\s0.xsd' for ns models.soap_responses
2025-05-23 21:07:06,187 - spyne.interface.xml_schema - DEBUG - _base:build_validation_schema:237 - Schema built. Removed 'C:\\Users\\SUPPOR~1\\AppData\\Local\\Temp\\spynek_ewpqkd'
2025-05-23 21:07:06,227 - spyne.util.appreg - DEBUG - appreg:register_application:84 - Registering <spyne.application.Application object at 0x000001FC9A55FCD0> as ('insurance.services', 'Application')
2025-05-23 21:07:06,227 - __main__ - INFO - app:create_soap_application:41 - Spyne application created.
2025-05-23 21:07:06,239 - __main__ - INFO - app:run_server:84 - Attempting to configure SSL.
2025-05-23 21:07:06,240 - __main__ - INFO - app:validate_ssl_files:51 - Validating SSL certificate: C:\soap-web-services\server\ssl\cert.pem and key: C:\soap-web-services\server\ssl\key.pem
2025-05-23 21:07:06,284 - __main__ - INFO - app:validate_ssl_files:56 - SSL certificate and key validated successfully.
2025-05-23 21:07:06,288 - __main__ - INFO - app:run_server:102 - 🔐 SSL enabled successfully using:
2025-05-23 21:07:06,289 - __main__ - INFO - app:run_server:103 -     Certificate: C:\soap-web-services\server\ssl\cert.pem
2025-05-23 21:07:06,289 - __main__ - INFO - app:run_server:104 -     Private Key: C:\soap-web-services\server\ssl\key.pem
2025-05-23 21:07:06,289 - __main__ - INFO - app:run_server:118 - 
🌍 Starting SOAP server at https://localhost:8000
2025-05-23 21:07:06,290 - __main__ - INFO - app:run_server:119 -    WSDL available at: https://localhost:8000/?wsdl
2025-05-23 21:07:06,290 - __main__ - INFO - app:run_server:120 - ⚙️  System mode: TEST
2025-05-23 21:07:06,290 - __main__ - INFO - app:run_server:121 - 🛑 Press Ctrl+C to stop

2025-05-23 21:07:16,326 - spyne.server.wsgi - DEBUG - wsgi:_get_http_headers:155 - Add http header 'host' = ['localhost:8000']
2025-05-23 21:07:16,327 - spyne.server.wsgi - DEBUG - wsgi:_get_http_headers:155 - Add http header 'user_agent' = ['Zeep/4.3.1 (www.python-zeep.org)']
2025-05-23 21:07:16,327 - spyne.server.wsgi - DEBUG - wsgi:_get_http_headers:155 - Add http header 'accept_encoding' = ['gzip, deflate']
2025-05-23 21:07:16,328 - spyne.server.wsgi - DEBUG - wsgi:_get_http_headers:155 - Add http header 'accept' = ['*/*']
2025-05-23 21:07:16,328 - spyne.server.wsgi - DEBUG - wsgi:_get_http_headers:155 - Add http header 'connection' = ['keep-alive']
2025-05-23 21:07:16,337 - spyne - DEBUG - context:close:406 - gc.collect() took around 10ms.
2025-05-23 21:07:18,432 - spyne.server.wsgi - DEBUG - wsgi:_get_http_headers:155 - Add http header 'host' = ['localhost:8000']
2025-05-23 21:07:18,432 - spyne.server.wsgi - DEBUG - wsgi:_get_http_headers:155 - Add http header 'user_agent' = ['Zeep/4.3.1 (www.python-zeep.org)']
2025-05-23 21:07:18,432 - spyne.server.wsgi - DEBUG - wsgi:_get_http_headers:155 - Add http header 'accept_encoding' = ['gzip, deflate']
2025-05-23 21:07:18,433 - spyne.server.wsgi - DEBUG - wsgi:_get_http_headers:155 - Add http header 'accept' = ['*/*']
2025-05-23 21:07:18,433 - spyne.server.wsgi - DEBUG - wsgi:_get_http_headers:155 - Add http header 'connection' = ['keep-alive']
2025-05-23 21:07:18,433 - spyne.server.wsgi - DEBUG - wsgi:_get_http_headers:155 - Add http header 'soapaction' = ['"SendRequest"']
2025-05-23 21:07:18,434 - services.soap_service - INFO - soap_service:__init__:35 - DataSecurity initialized successfully in InsuranceSoapService instance (id: 2184432798928).
2025-05-23 21:07:18,434 - services.soap_service - DEBUG - soap_service:SendRequest:193 - SendRequest called. Service instance id: 2184432798928
2025-05-23 21:07:18,434 - services.soap_service - INFO - soap_service:SendRequest:195 - SendRequest(User='admin', ReqType='SendRegistration'): Received request
2025-05-23 21:07:18,434 - services.soap_service - DEBUG - soap_service:SendRequest:203 - SendRequest(User='admin', ReqType='SendRegistration'): Authenticating...
2025-05-23 21:07:18,434 - services.soap_service - DEBUG - soap_service:SendRequest:208 - SendRequest(User='admin', ReqType='SendRegistration'): Decrypting payload...
2025-05-23 21:07:18,435 - services.soap_service - DEBUG - soap_service:SendRequest:214 - SendRequest(User='admin', ReqType='SendRegistration'): Parsing XML...
2025-05-23 21:07:18,436 - services.soap_service - INFO - soap_service:_call_handler_method:81 - [Handler:SendRegistration] Starting processing.
2025-05-23 21:07:18,438 - services.soap_service - DEBUG - soap_service:_handle_send_registration:98 - [SendRegistration] Input data parsed: {
  "Partner": "Iute Credit Macedonia DOOEL Skopje",
  "GACID": "PPIMK0000001/25",
  "CertificateID": "PPIMK0000001/25",
  "Insured": {
    "PartnerReferenceID": "#REFID_TESTCLIENT",
    "PersonType": "1",
    "VATNumber": null,
    "Title": "Dr.",
    "LastName": "TesterClient",
    "FirstName": "John",
    "Country": "HU",
    "ZIP": "1062",
    "State": "Pest",
    "City": "BUDAPEST",
    "Street": "Test Utca 123",
    "BirthPlace": "BUDAPEST",
    "BirthDateDMY": "01-01-1980",
    "Gender": "Male",
    "Phone": "+3612345678",
    "Email": "john.tester.client@example.com"
  },
  "Policy": {
    "Cover": "Sigurimi i Mbrojtjes se Kredise +",
    "ValidFrom": "01-06-2025",
    "ValidTo": "01.06.2027",
    "ValidToSMO": "01-06-2026",
    "CurrencyCode": "MKD",
    "SumInsured": "100000.00",
    "SumInsuredEUR": "1625.18",
    "Premium": "4800.00",
    "AdditionalPremium": "333.29",
    "GrossPremium": "5133.29"
  }
}
2025-05-23 21:07:19,344 - db.database - INFO - database:connect_informix:76 - Successfully connected to Informix DB.
2025-05-23 21:07:19,345 - services.soap_service - ERROR - soap_service:_call_handler_method:92 - [Handler:SendRegistration] Unexpected Exception during processing: 'tuple' object has no attribute 'cursor'
Traceback (most recent call last):
  File "C:\soap-web-services\server\services\soap_service.py", line 85, in _call_handler_method
    result_xml_str = actual_handler(xml_input_root)
                     ^^^^^^^^^^^^^^^^^^^^^^^^^^^^^^
  File "C:\soap-web-services\server\services\soap_service.py", line 101, in _handle_send_registration
    cursor = conn.cursor()
             ^^^^^^^^^^^
AttributeError: 'tuple' object has no attribute 'cursor'
2025-05-23 21:07:19,345 - services.soap_service - ERROR - soap_service:SendRequest:235 - SendRequest(User='admin', ReqType='SendRegistration'): Processing error: AttributeError - 'tuple' object has no attribute 'cursor'
Traceback (most recent call last):
  File "C:\soap-web-services\server\services\soap_service.py", line 232, in SendRequest
    output_xml_payload = service._call_handler_method(handler_name, xml_root, RequestType)
                         ^^^^^^^^^^^^^^^^^^^^^^^^^^^^^^^^^^^^^^^^^^^^^^^^^^^^^^^^^^^^^^^^^
  File "C:\soap-web-services\server\services\soap_service.py", line 85, in _call_handler_method
    result_xml_str = actual_handler(xml_input_root)
                     ^^^^^^^^^^^^^^^^^^^^^^^^^^^^^^
  File "C:\soap-web-services\server\services\soap_service.py", line 101, in _handle_send_registration
    cursor = conn.cursor()
             ^^^^^^^^^^^
AttributeError: 'tuple' object has no attribute 'cursor'
2025-05-23 21:07:19,346 - services.soap_service - DEBUG - soap_service:_get_pdf_compliant_error_message:56 - [SendRequest(User='admin', ReqType='SendRegistration')] Mapping exception: AttributeError - ''tuple' object has no attribute 'cursor''
Traceback (most recent call last):
  File "C:\soap-web-services\server\services\soap_service.py", line 232, in SendRequest
    output_xml_payload = service._call_handler_method(handler_name, xml_root, RequestType)
                         ^^^^^^^^^^^^^^^^^^^^^^^^^^^^^^^^^^^^^^^^^^^^^^^^^^^^^^^^^^^^^^^^^
  File "C:\soap-web-services\server\services\soap_service.py", line 85, in _call_handler_method
    result_xml_str = actual_handler(xml_input_root)
                     ^^^^^^^^^^^^^^^^^^^^^^^^^^^^^^
  File "C:\soap-web-services\server\services\soap_service.py", line 101, in _handle_send_registration
    cursor = conn.cursor()
             ^^^^^^^^^^^
AttributeError: 'tuple' object has no attribute 'cursor'
2025-05-23 21:07:19,346 - services.soap_service - ERROR - soap_service:_get_pdf_compliant_error_message:75 - [SendRequest(User='admin', ReqType='SendRegistration')] Unhandled exception type, mapping to 'Inner exception': AttributeError - 'tuple' object has no attribute 'cursor'
Traceback (most recent call last):
  File "C:\soap-web-services\server\services\soap_service.py", line 232, in SendRequest
    output_xml_payload = service._call_handler_method(handler_name, xml_root, RequestType)
                         ^^^^^^^^^^^^^^^^^^^^^^^^^^^^^^^^^^^^^^^^^^^^^^^^^^^^^^^^^^^^^^^^^
  File "C:\soap-web-services\server\services\soap_service.py", line 85, in _call_handler_method
    result_xml_str = actual_handler(xml_input_root)
                     ^^^^^^^^^^^^^^^^^^^^^^^^^^^^^^
  File "C:\soap-web-services\server\services\soap_service.py", line 101, in _handle_send_registration
    cursor = conn.cursor()
             ^^^^^^^^^^^
AttributeError: 'tuple' object has no attribute 'cursor'
2025-05-23 21:07:19,347 - services.soap_service - DEBUG - soap_service:_create_error_payload_xml_str:46 - Created error XML payload: <?xml version='1.0' encoding='utf-8'?>
<root><Error>Inner exception</Error></root>
2025-05-23 21:07:19,347 - services.soap_service - INFO - soap_service:SendRequest:262 - SendRequest(User='admin', ReqType='SendRegistration'): Completed with status 0
2025-05-23 21:07:19,372 - spyne - DEBUG - context:close:406 - gc.collect() took around 20ms.
2025-05-23 21:25:02,989 - root - INFO - logger:setup_logging:63 - Root logging configured. Level: DEBUG. Output to console. Output to file: logs/server_app.log.
2025-05-23 21:25:02,990 - __main__ - INFO - app:create_soap_application:34 - Creating Spyne SOAP application.
2025-05-23 21:25:02,990 - spyne.application - INFO - application:__init__:118 - Initializing application {insurance.services}Application...
2025-05-23 21:25:02,990 - spyne.interface._base - DEBUG - _base:populate_interface:332 - populating services.soap_service.InsuranceSoapService types...
2025-05-23 21:25:02,990 - spyne.interface._base - DEBUG - _base:populate_interface:352 -   enumerating classes for method 'SendRequest'
2025-05-23 21:25:02,990 - spyne.interface._base - DEBUG - _base:add_class:442 -     adding class "<class 'spyne.model.complex.SendRequest'>" for '{insurance.services}SendRequest'
2025-05-23 21:25:02,990 - spyne.interface._base - DEBUG - _base:add_class:481 -     adding SendRequest.UserName = <class 'spyne.model.primitive.string.Unicode'>
2025-05-23 21:25:02,990 - spyne.interface._base - DEBUG - _base:add_class:442 -     adding class "<class 'spyne.model.primitive.string.Unicode'>" for '{http://www.w3.org/2001/XMLSchema}string'
2025-05-23 21:25:02,990 - spyne.interface._base - DEBUG - _base:add_class:481 -     adding SendRequest.Password = <class 'spyne.model.primitive.string.Unicode'>
2025-05-23 21:25:02,991 - spyne.interface._base - DEBUG - _base:add_class:481 -     adding SendRequest.RequestType = <class 'spyne.model.primitive.string.Unicode'>
2025-05-23 21:25:02,991 - spyne.interface._base - DEBUG - _base:add_class:481 -     adding SendRequest.XMLData = <class 'spyne.model.primitive.string.Unicode'>
2025-05-23 21:25:02,991 - spyne.interface._base - DEBUG - _base:add_class:442 -     adding class "<class 'spyne.model.complex.SendRequestResponse'>" for '{insurance.services}SendRequestResponse'
2025-05-23 21:25:02,991 - spyne.interface._base - DEBUG - _base:add_class:481 -     adding SendRequestResponse.SendRequestResult = <class 'models.soap_responses.SendRequestOutput'>
2025-05-23 21:25:02,991 - spyne.interface._base - DEBUG - _base:add_class:442 -     adding class "<class 'models.soap_responses.SendRequestOutput'>" for '{models.soap_responses}SendRequestOutput'
2025-05-23 21:25:02,991 - spyne.interface._base - DEBUG - _base:add_class:494 -     importing 'models.soap_responses' to 'insurance.services' for SendRequestResponse.SendRequestResult(<class 'models.soap_responses.SendRequestOutput'>)
2025-05-23 21:25:02,991 - spyne.interface._base - DEBUG - _base:populate_interface:364 - populating 'services.soap_service.InsuranceSoapService' routes...
2025-05-23 21:25:02,992 - spyne.interface._base - DEBUG - _base:process_method:289 -   adding method InsuranceSoapService.SendRequest to match '{insurance.services}SendRequest' tag.
2025-05-23 21:25:02,992 - spyne.interface._base - DEBUG - _base:populate_interface:396 - From this point on, you're not supposed to make any changes to the class and method structure of the exposed services.
2025-05-23 21:25:02,994 - spyne.interface.xml_schema - DEBUG - _base:build_validation_schema:211 - generating schema for targetNamespace='insurance.services', prefix: 'tns' in dir 'C:\\Users\\SUPPOR~1\\AppData\\Local\\Temp\\spynez3u_b86a'
2025-05-23 21:25:02,996 - spyne.interface.xml_schema - DEBUG - _base:build_validation_schema:221 - writing 'C:\\Users\\SUPPOR~1\\AppData\\Local\\Temp\\spynez3u_b86a\\tns.xsd' for ns insurance.services
2025-05-23 21:25:02,998 - spyne.interface.xml_schema - DEBUG - _base:build_validation_schema:221 - writing 'C:\\Users\\SUPPOR~1\\AppData\\Local\\Temp\\spynez3u_b86a\\s0.xsd' for ns models.soap_responses
2025-05-23 21:25:03,053 - spyne.interface.xml_schema - DEBUG - _base:build_validation_schema:237 - Schema built. Removed 'C:\\Users\\SUPPOR~1\\AppData\\Local\\Temp\\spynez3u_b86a'
2025-05-23 21:25:03,099 - spyne.util.appreg - DEBUG - appreg:register_application:84 - Registering <spyne.application.Application object at 0x00000236D82B5590> as ('insurance.services', 'Application')
2025-05-23 21:25:03,099 - __main__ - INFO - app:create_soap_application:41 - Spyne application created.
2025-05-23 21:25:03,120 - __main__ - INFO - app:run_server:84 - Attempting to configure SSL.
2025-05-23 21:25:03,122 - __main__ - INFO - app:validate_ssl_files:51 - Validating SSL certificate: C:\soap-web-services\server\ssl\cert.pem and key: C:\soap-web-services\server\ssl\key.pem
2025-05-23 21:25:03,160 - __main__ - INFO - app:validate_ssl_files:56 - SSL certificate and key validated successfully.
2025-05-23 21:25:03,163 - __main__ - INFO - app:run_server:102 - 🔐 SSL enabled successfully using:
2025-05-23 21:25:03,163 - __main__ - INFO - app:run_server:103 -     Certificate: C:\soap-web-services\server\ssl\cert.pem
2025-05-23 21:25:03,163 - __main__ - INFO - app:run_server:104 -     Private Key: C:\soap-web-services\server\ssl\key.pem
2025-05-23 21:25:03,163 - __main__ - INFO - app:run_server:118 - 
🌍 Starting SOAP server at https://localhost:8000
2025-05-23 21:25:03,163 - __main__ - INFO - app:run_server:119 -    WSDL available at: https://localhost:8000/?wsdl
2025-05-23 21:25:03,163 - __main__ - INFO - app:run_server:120 - ⚙️  System mode: TEST
2025-05-23 21:25:03,163 - __main__ - INFO - app:run_server:121 - 🛑 Press Ctrl+C to stop

2025-05-23 21:25:11,895 - spyne.server.wsgi - DEBUG - wsgi:_get_http_headers:155 - Add http header 'host' = ['localhost:8000']
2025-05-23 21:25:11,896 - spyne.server.wsgi - DEBUG - wsgi:_get_http_headers:155 - Add http header 'user_agent' = ['Zeep/4.3.1 (www.python-zeep.org)']
2025-05-23 21:25:11,896 - spyne.server.wsgi - DEBUG - wsgi:_get_http_headers:155 - Add http header 'accept_encoding' = ['gzip, deflate']
2025-05-23 21:25:11,896 - spyne.server.wsgi - DEBUG - wsgi:_get_http_headers:155 - Add http header 'accept' = ['*/*']
2025-05-23 21:25:11,896 - spyne.server.wsgi - DEBUG - wsgi:_get_http_headers:155 - Add http header 'connection' = ['keep-alive']
2025-05-23 21:25:11,913 - spyne - DEBUG - context:close:406 - gc.collect() took around 20ms.
2025-05-23 21:25:14,054 - spyne.server.wsgi - DEBUG - wsgi:_get_http_headers:155 - Add http header 'host' = ['localhost:8000']
2025-05-23 21:25:14,054 - spyne.server.wsgi - DEBUG - wsgi:_get_http_headers:155 - Add http header 'user_agent' = ['Zeep/4.3.1 (www.python-zeep.org)']
2025-05-23 21:25:14,055 - spyne.server.wsgi - DEBUG - wsgi:_get_http_headers:155 - Add http header 'accept_encoding' = ['gzip, deflate']
2025-05-23 21:25:14,055 - spyne.server.wsgi - DEBUG - wsgi:_get_http_headers:155 - Add http header 'accept' = ['*/*']
2025-05-23 21:25:14,055 - spyne.server.wsgi - DEBUG - wsgi:_get_http_headers:155 - Add http header 'connection' = ['keep-alive']
2025-05-23 21:25:14,055 - spyne.server.wsgi - DEBUG - wsgi:_get_http_headers:155 - Add http header 'soapaction' = ['"SendRequest"']
2025-05-23 21:25:14,056 - services.soap_service - INFO - soap_service:__init__:35 - DataSecurity initialized successfully in InsuranceSoapService instance (id: 2434559438352).
2025-05-23 21:25:14,056 - services.soap_service - DEBUG - soap_service:SendRequest:195 - SendRequest called. Service instance id: 2434559438352
2025-05-23 21:25:14,056 - services.soap_service - INFO - soap_service:SendRequest:197 - SendRequest(User='admin', ReqType='SendRegistration'): Received request
2025-05-23 21:25:14,056 - services.soap_service - DEBUG - soap_service:SendRequest:205 - SendRequest(User='admin', ReqType='SendRegistration'): Authenticating...
2025-05-23 21:25:14,056 - services.soap_service - DEBUG - soap_service:SendRequest:210 - SendRequest(User='admin', ReqType='SendRegistration'): Decrypting payload...
2025-05-23 21:25:14,058 - services.soap_service - DEBUG - soap_service:SendRequest:216 - SendRequest(User='admin', ReqType='SendRegistration'): Parsing XML...
2025-05-23 21:25:14,058 - services.soap_service - INFO - soap_service:_call_handler_method:81 - [Handler:SendRegistration] Starting processing.
2025-05-23 21:25:14,060 - services.soap_service - DEBUG - soap_service:_handle_send_registration:98 - [SendRegistration] Input data parsed: {
  "Partner": "Iute Credit Macedonia DOOEL Skopje",
  "GACID": "PPIMK0000001/25",
  "CertificateID": "PPIMK0000001/25",
  "Insured": {
    "PartnerReferenceID": "#REFID_TESTCLIENT",
    "PersonType": "1",
    "VATNumber": null,
    "Title": "Dr.",
    "LastName": "TesterClient",
    "FirstName": "John",
    "Country": "HU",
    "ZIP": "1062",
    "State": "Pest",
    "City": "BUDAPEST",
    "Street": "Test Utca 123",
    "BirthPlace": "BUDAPEST",
    "BirthDateDMY": "01-01-1980",
    "Gender": "Male",
    "Phone": "+3612345678",
    "Email": "john.tester.client@example.com"
  },
  "Policy": {
    "Cover": "Sigurimi i Mbrojtjes se Kredise +",
    "ValidFrom": "01-06-2025",
    "ValidTo": "01.06.2027",
    "ValidToSMO": "01-06-2026",
    "CurrencyCode": "MKD",
    "SumInsured": "100000.00",
    "SumInsuredEUR": "1625.18",
    "Premium": "4800.00",
    "AdditionalPremium": "333.29",
    "GrossPremium": "5133.29"
  }
}
2025-05-23 21:25:14,821 - db.database - INFO - database:connect_informix:76 - Successfully connected to Informix DB.
2025-05-23 21:25:14,821 - services.soap_service - ERROR - soap_service:_call_handler_method:92 - [Handler:SendRegistration] Unexpected Exception during processing: 'tuple' object has no attribute 'cursor'
Traceback (most recent call last):
  File "C:\soap-web-services\server\services\soap_service.py", line 85, in _call_handler_method
    result_xml_str = actual_handler(xml_input_root)
                     ^^^^^^^^^^^^^^^^^^^^^^^^^^^^^^
  File "C:\soap-web-services\server\services\soap_service.py", line 101, in _handle_send_registration
    cursor = conn.cursor()
             ^^^^^^^^^^^
AttributeError: 'tuple' object has no attribute 'cursor'
2025-05-23 21:25:14,822 - services.soap_service - ERROR - soap_service:SendRequest:237 - SendRequest(User='admin', ReqType='SendRegistration'): Processing error: AttributeError - 'tuple' object has no attribute 'cursor'
Traceback (most recent call last):
  File "C:\soap-web-services\server\services\soap_service.py", line 234, in SendRequest
    output_xml_payload = service._call_handler_method(handler_name, xml_root, RequestType)
                         ^^^^^^^^^^^^^^^^^^^^^^^^^^^^^^^^^^^^^^^^^^^^^^^^^^^^^^^^^^^^^^^^^
  File "C:\soap-web-services\server\services\soap_service.py", line 85, in _call_handler_method
    result_xml_str = actual_handler(xml_input_root)
                     ^^^^^^^^^^^^^^^^^^^^^^^^^^^^^^
  File "C:\soap-web-services\server\services\soap_service.py", line 101, in _handle_send_registration
    cursor = conn.cursor()
             ^^^^^^^^^^^
AttributeError: 'tuple' object has no attribute 'cursor'
2025-05-23 21:25:14,823 - services.soap_service - DEBUG - soap_service:_get_pdf_compliant_error_message:56 - [SendRequest(User='admin', ReqType='SendRegistration')] Mapping exception: AttributeError - ''tuple' object has no attribute 'cursor''
Traceback (most recent call last):
  File "C:\soap-web-services\server\services\soap_service.py", line 234, in SendRequest
    output_xml_payload = service._call_handler_method(handler_name, xml_root, RequestType)
                         ^^^^^^^^^^^^^^^^^^^^^^^^^^^^^^^^^^^^^^^^^^^^^^^^^^^^^^^^^^^^^^^^^
  File "C:\soap-web-services\server\services\soap_service.py", line 85, in _call_handler_method
    result_xml_str = actual_handler(xml_input_root)
                     ^^^^^^^^^^^^^^^^^^^^^^^^^^^^^^
  File "C:\soap-web-services\server\services\soap_service.py", line 101, in _handle_send_registration
    cursor = conn.cursor()
             ^^^^^^^^^^^
AttributeError: 'tuple' object has no attribute 'cursor'
2025-05-23 21:25:14,823 - services.soap_service - ERROR - soap_service:_get_pdf_compliant_error_message:75 - [SendRequest(User='admin', ReqType='SendRegistration')] Unhandled exception type, mapping to 'Inner exception': AttributeError - 'tuple' object has no attribute 'cursor'
Traceback (most recent call last):
  File "C:\soap-web-services\server\services\soap_service.py", line 234, in SendRequest
    output_xml_payload = service._call_handler_method(handler_name, xml_root, RequestType)
                         ^^^^^^^^^^^^^^^^^^^^^^^^^^^^^^^^^^^^^^^^^^^^^^^^^^^^^^^^^^^^^^^^^
  File "C:\soap-web-services\server\services\soap_service.py", line 85, in _call_handler_method
    result_xml_str = actual_handler(xml_input_root)
                     ^^^^^^^^^^^^^^^^^^^^^^^^^^^^^^
  File "C:\soap-web-services\server\services\soap_service.py", line 101, in _handle_send_registration
    cursor = conn.cursor()
             ^^^^^^^^^^^
AttributeError: 'tuple' object has no attribute 'cursor'
2025-05-23 21:25:14,823 - services.soap_service - DEBUG - soap_service:_create_error_payload_xml_str:46 - Created error XML payload: <?xml version='1.0' encoding='utf-8'?>
<root><Error>Inner exception</Error></root>
2025-05-23 21:25:14,824 - services.soap_service - INFO - soap_service:SendRequest:264 - SendRequest(User='admin', ReqType='SendRegistration'): Completed with status 0
2025-05-23 21:25:14,837 - spyne - DEBUG - context:close:406 - gc.collect() took around 10ms.
2025-05-23 21:25:59,292 - root - INFO - logger:setup_logging:63 - Root logging configured. Level: DEBUG. Output to console. Output to file: logs/server_app.log.
2025-05-23 21:25:59,292 - __main__ - INFO - app:create_soap_application:34 - Creating Spyne SOAP application.
2025-05-23 21:25:59,293 - spyne.application - INFO - application:__init__:118 - Initializing application {insurance.services}Application...
2025-05-23 21:25:59,293 - spyne.interface._base - DEBUG - _base:populate_interface:332 - populating services.soap_service.InsuranceSoapService types...
2025-05-23 21:25:59,293 - spyne.interface._base - DEBUG - _base:populate_interface:352 -   enumerating classes for method 'SendRequest'
2025-05-23 21:25:59,294 - spyne.interface._base - DEBUG - _base:add_class:442 -     adding class "<class 'spyne.model.complex.SendRequest'>" for '{insurance.services}SendRequest'
2025-05-23 21:25:59,294 - spyne.interface._base - DEBUG - _base:add_class:481 -     adding SendRequest.UserName = <class 'spyne.model.primitive.string.Unicode'>
2025-05-23 21:25:59,294 - spyne.interface._base - DEBUG - _base:add_class:442 -     adding class "<class 'spyne.model.primitive.string.Unicode'>" for '{http://www.w3.org/2001/XMLSchema}string'
2025-05-23 21:25:59,294 - spyne.interface._base - DEBUG - _base:add_class:481 -     adding SendRequest.Password = <class 'spyne.model.primitive.string.Unicode'>
2025-05-23 21:25:59,294 - spyne.interface._base - DEBUG - _base:add_class:481 -     adding SendRequest.RequestType = <class 'spyne.model.primitive.string.Unicode'>
2025-05-23 21:25:59,294 - spyne.interface._base - DEBUG - _base:add_class:481 -     adding SendRequest.XMLData = <class 'spyne.model.primitive.string.Unicode'>
2025-05-23 21:25:59,295 - spyne.interface._base - DEBUG - _base:add_class:442 -     adding class "<class 'spyne.model.complex.SendRequestResponse'>" for '{insurance.services}SendRequestResponse'
2025-05-23 21:25:59,295 - spyne.interface._base - DEBUG - _base:add_class:481 -     adding SendRequestResponse.SendRequestResult = <class 'models.soap_responses.SendRequestOutput'>
2025-05-23 21:25:59,295 - spyne.interface._base - DEBUG - _base:add_class:442 -     adding class "<class 'models.soap_responses.SendRequestOutput'>" for '{models.soap_responses}SendRequestOutput'
2025-05-23 21:25:59,295 - spyne.interface._base - DEBUG - _base:add_class:494 -     importing 'models.soap_responses' to 'insurance.services' for SendRequestResponse.SendRequestResult(<class 'models.soap_responses.SendRequestOutput'>)
2025-05-23 21:25:59,295 - spyne.interface._base - DEBUG - _base:populate_interface:364 - populating 'services.soap_service.InsuranceSoapService' routes...
2025-05-23 21:25:59,295 - spyne.interface._base - DEBUG - _base:process_method:289 -   adding method InsuranceSoapService.SendRequest to match '{insurance.services}SendRequest' tag.
2025-05-23 21:25:59,295 - spyne.interface._base - DEBUG - _base:populate_interface:396 - From this point on, you're not supposed to make any changes to the class and method structure of the exposed services.
2025-05-23 21:25:59,297 - spyne.interface.xml_schema - DEBUG - _base:build_validation_schema:211 - generating schema for targetNamespace='insurance.services', prefix: 'tns' in dir 'C:\\Users\\SUPPOR~1\\AppData\\Local\\Temp\\spyneef6knf8d'
2025-05-23 21:25:59,299 - spyne.interface.xml_schema - DEBUG - _base:build_validation_schema:221 - writing 'C:\\Users\\SUPPOR~1\\AppData\\Local\\Temp\\spyneef6knf8d\\tns.xsd' for ns insurance.services
2025-05-23 21:25:59,300 - spyne.interface.xml_schema - DEBUG - _base:build_validation_schema:221 - writing 'C:\\Users\\SUPPOR~1\\AppData\\Local\\Temp\\spyneef6knf8d\\s0.xsd' for ns models.soap_responses
2025-05-23 21:25:59,304 - spyne.interface.xml_schema - DEBUG - _base:build_validation_schema:237 - Schema built. Removed 'C:\\Users\\SUPPOR~1\\AppData\\Local\\Temp\\spyneef6knf8d'
2025-05-23 21:25:59,307 - spyne.util.appreg - DEBUG - appreg:register_application:84 - Registering <spyne.application.Application object at 0x000001886BAEBA50> as ('insurance.services', 'Application')
2025-05-23 21:25:59,308 - __main__ - INFO - app:create_soap_application:41 - Spyne application created.
2025-05-23 21:25:59,320 - __main__ - INFO - app:run_server:84 - Attempting to configure SSL.
2025-05-23 21:25:59,320 - __main__ - INFO - app:validate_ssl_files:51 - Validating SSL certificate: C:\soap-web-services\server\ssl\cert.pem and key: C:\soap-web-services\server\ssl\key.pem
2025-05-23 21:25:59,324 - __main__ - INFO - app:validate_ssl_files:56 - SSL certificate and key validated successfully.
2025-05-23 21:25:59,329 - __main__ - INFO - app:run_server:102 - 🔐 SSL enabled successfully using:
2025-05-23 21:25:59,329 - __main__ - INFO - app:run_server:103 -     Certificate: C:\soap-web-services\server\ssl\cert.pem
2025-05-23 21:25:59,329 - __main__ - INFO - app:run_server:104 -     Private Key: C:\soap-web-services\server\ssl\key.pem
2025-05-23 21:25:59,330 - __main__ - INFO - app:run_server:118 - 
🌍 Starting SOAP server at https://localhost:8000
2025-05-23 21:25:59,330 - __main__ - INFO - app:run_server:119 -    WSDL available at: https://localhost:8000/?wsdl
2025-05-23 21:25:59,330 - __main__ - INFO - app:run_server:120 - ⚙️  System mode: TEST
2025-05-23 21:25:59,330 - __main__ - INFO - app:run_server:121 - 🛑 Press Ctrl+C to stop

2025-05-23 21:26:05,185 - spyne.server.wsgi - DEBUG - wsgi:_get_http_headers:155 - Add http header 'host' = ['localhost:8000']
2025-05-23 21:26:05,185 - spyne.server.wsgi - DEBUG - wsgi:_get_http_headers:155 - Add http header 'user_agent' = ['Zeep/4.3.1 (www.python-zeep.org)']
2025-05-23 21:26:05,185 - spyne.server.wsgi - DEBUG - wsgi:_get_http_headers:155 - Add http header 'accept_encoding' = ['gzip, deflate']
2025-05-23 21:26:05,185 - spyne.server.wsgi - DEBUG - wsgi:_get_http_headers:155 - Add http header 'accept' = ['*/*']
2025-05-23 21:26:05,186 - spyne.server.wsgi - DEBUG - wsgi:_get_http_headers:155 - Add http header 'connection' = ['keep-alive']
2025-05-23 21:26:05,199 - spyne - DEBUG - context:close:406 - gc.collect() took around 10ms.
2025-05-23 21:26:07,333 - spyne.server.wsgi - DEBUG - wsgi:_get_http_headers:155 - Add http header 'host' = ['localhost:8000']
2025-05-23 21:26:07,334 - spyne.server.wsgi - DEBUG - wsgi:_get_http_headers:155 - Add http header 'user_agent' = ['Zeep/4.3.1 (www.python-zeep.org)']
2025-05-23 21:26:07,334 - spyne.server.wsgi - DEBUG - wsgi:_get_http_headers:155 - Add http header 'accept_encoding' = ['gzip, deflate']
2025-05-23 21:26:07,334 - spyne.server.wsgi - DEBUG - wsgi:_get_http_headers:155 - Add http header 'accept' = ['*/*']
2025-05-23 21:26:07,334 - spyne.server.wsgi - DEBUG - wsgi:_get_http_headers:155 - Add http header 'connection' = ['keep-alive']
2025-05-23 21:26:07,334 - spyne.server.wsgi - DEBUG - wsgi:_get_http_headers:155 - Add http header 'soapaction' = ['"SendRequest"']
2025-05-23 21:26:07,335 - services.soap_service - INFO - soap_service:__init__:35 - DataSecurity initialized successfully in InsuranceSoapService instance (id: 1685433052880).
2025-05-23 21:26:07,335 - services.soap_service - DEBUG - soap_service:SendRequest:195 - SendRequest called. Service instance id: 1685433052880
2025-05-23 21:26:07,336 - services.soap_service - INFO - soap_service:SendRequest:197 - SendRequest(User='admin', ReqType='SendRegistration'): Received request
2025-05-23 21:26:07,336 - services.soap_service - DEBUG - soap_service:SendRequest:205 - SendRequest(User='admin', ReqType='SendRegistration'): Authenticating...
2025-05-23 21:26:07,336 - services.soap_service - DEBUG - soap_service:SendRequest:210 - SendRequest(User='admin', ReqType='SendRegistration'): Decrypting payload...
2025-05-23 21:26:07,337 - services.soap_service - DEBUG - soap_service:SendRequest:216 - SendRequest(User='admin', ReqType='SendRegistration'): Parsing XML...
2025-05-23 21:26:07,338 - services.soap_service - INFO - soap_service:_call_handler_method:81 - [Handler:SendRegistration] Starting processing.
2025-05-23 21:26:07,340 - services.soap_service - DEBUG - soap_service:_handle_send_registration:98 - [SendRegistration] Input data parsed: {
  "Partner": "Iute Credit Macedonia DOOEL Skopje",
  "GACID": "PPIMK0000001/25",
  "CertificateID": "PPIMK0000001/25",
  "Insured": {
    "PartnerReferenceID": "#REFID_TESTCLIENT",
    "PersonType": "1",
    "VATNumber": null,
    "Title": "Dr.",
    "LastName": "TesterClient",
    "FirstName": "John",
    "Country": "HU",
    "ZIP": "1062",
    "State": "Pest",
    "City": "BUDAPEST",
    "Street": "Test Utca 123",
    "BirthPlace": "BUDAPEST",
    "BirthDateDMY": "01-01-1980",
    "Gender": "Male",
    "Phone": "+3612345678",
    "Email": "john.tester.client@example.com"
  },
  "Policy": {
    "Cover": "Sigurimi i Mbrojtjes se Kredise +",
    "ValidFrom": "01-06-2025",
    "ValidTo": "01.06.2027",
    "ValidToSMO": "01-06-2026",
    "CurrencyCode": "MKD",
    "SumInsured": "100000.00",
    "SumInsuredEUR": "1625.18",
    "Premium": "4800.00",
    "AdditionalPremium": "333.29",
    "GrossPremium": "5133.29"
  }
}
2025-05-23 21:26:07,899 - db.database - INFO - database:connect_informix:76 - Successfully connected to Informix DB.
2025-05-23 21:26:07,900 - services.soap_service - ERROR - soap_service:_call_handler_method:92 - [Handler:SendRegistration] Unexpected Exception during processing: name 'cursor' is not defined
Traceback (most recent call last):
  File "C:\soap-web-services\server\services\soap_service.py", line 85, in _call_handler_method
    result_xml_str = actual_handler(xml_input_root)
                     ^^^^^^^^^^^^^^^^^^^^^^^^^^^^^^
  File "C:\soap-web-services\server\services\soap_service.py", line 117, in _handle_send_registration
    cursor.close()
    ^^^^^^
NameError: name 'cursor' is not defined
2025-05-23 21:26:07,901 - services.soap_service - ERROR - soap_service:SendRequest:237 - SendRequest(User='admin', ReqType='SendRegistration'): Processing error: NameError - name 'cursor' is not defined
Traceback (most recent call last):
  File "C:\soap-web-services\server\services\soap_service.py", line 234, in SendRequest
    output_xml_payload = service._call_handler_method(handler_name, xml_root, RequestType)
                         ^^^^^^^^^^^^^^^^^^^^^^^^^^^^^^^^^^^^^^^^^^^^^^^^^^^^^^^^^^^^^^^^^
  File "C:\soap-web-services\server\services\soap_service.py", line 85, in _call_handler_method
    result_xml_str = actual_handler(xml_input_root)
                     ^^^^^^^^^^^^^^^^^^^^^^^^^^^^^^
  File "C:\soap-web-services\server\services\soap_service.py", line 117, in _handle_send_registration
    cursor.close()
    ^^^^^^
NameError: name 'cursor' is not defined
2025-05-23 21:26:07,902 - services.soap_service - DEBUG - soap_service:_get_pdf_compliant_error_message:56 - [SendRequest(User='admin', ReqType='SendRegistration')] Mapping exception: NameError - 'name 'cursor' is not defined'
Traceback (most recent call last):
  File "C:\soap-web-services\server\services\soap_service.py", line 234, in SendRequest
    output_xml_payload = service._call_handler_method(handler_name, xml_root, RequestType)
                         ^^^^^^^^^^^^^^^^^^^^^^^^^^^^^^^^^^^^^^^^^^^^^^^^^^^^^^^^^^^^^^^^^
  File "C:\soap-web-services\server\services\soap_service.py", line 85, in _call_handler_method
    result_xml_str = actual_handler(xml_input_root)
                     ^^^^^^^^^^^^^^^^^^^^^^^^^^^^^^
  File "C:\soap-web-services\server\services\soap_service.py", line 117, in _handle_send_registration
    cursor.close()
    ^^^^^^
NameError: name 'cursor' is not defined
2025-05-23 21:26:07,902 - services.soap_service - ERROR - soap_service:_get_pdf_compliant_error_message:75 - [SendRequest(User='admin', ReqType='SendRegistration')] Unhandled exception type, mapping to 'Inner exception': NameError - name 'cursor' is not defined
Traceback (most recent call last):
  File "C:\soap-web-services\server\services\soap_service.py", line 234, in SendRequest
    output_xml_payload = service._call_handler_method(handler_name, xml_root, RequestType)
                         ^^^^^^^^^^^^^^^^^^^^^^^^^^^^^^^^^^^^^^^^^^^^^^^^^^^^^^^^^^^^^^^^^
  File "C:\soap-web-services\server\services\soap_service.py", line 85, in _call_handler_method
    result_xml_str = actual_handler(xml_input_root)
                     ^^^^^^^^^^^^^^^^^^^^^^^^^^^^^^
  File "C:\soap-web-services\server\services\soap_service.py", line 117, in _handle_send_registration
    cursor.close()
    ^^^^^^
NameError: name 'cursor' is not defined
2025-05-23 21:26:07,903 - services.soap_service - DEBUG - soap_service:_create_error_payload_xml_str:46 - Created error XML payload: <?xml version='1.0' encoding='utf-8'?>
<root><Error>Inner exception</Error></root>
2025-05-23 21:26:07,904 - services.soap_service - INFO - soap_service:SendRequest:264 - SendRequest(User='admin', ReqType='SendRegistration'): Completed with status 0
2025-05-23 21:26:07,923 - spyne - DEBUG - context:close:406 - gc.collect() took around 20ms.
2025-05-23 21:26:34,921 - root - INFO - logger:setup_logging:63 - Root logging configured. Level: DEBUG. Output to console. Output to file: logs/server_app.log.
2025-05-23 21:26:34,921 - __main__ - INFO - app:create_soap_application:34 - Creating Spyne SOAP application.
2025-05-23 21:26:34,921 - spyne.application - INFO - application:__init__:118 - Initializing application {insurance.services}Application...
2025-05-23 21:26:34,921 - spyne.interface._base - DEBUG - _base:populate_interface:332 - populating services.soap_service.InsuranceSoapService types...
2025-05-23 21:26:34,921 - spyne.interface._base - DEBUG - _base:populate_interface:352 -   enumerating classes for method 'SendRequest'
2025-05-23 21:26:34,921 - spyne.interface._base - DEBUG - _base:add_class:442 -     adding class "<class 'spyne.model.complex.SendRequest'>" for '{insurance.services}SendRequest'
2025-05-23 21:26:34,922 - spyne.interface._base - DEBUG - _base:add_class:481 -     adding SendRequest.UserName = <class 'spyne.model.primitive.string.Unicode'>
2025-05-23 21:26:34,922 - spyne.interface._base - DEBUG - _base:add_class:442 -     adding class "<class 'spyne.model.primitive.string.Unicode'>" for '{http://www.w3.org/2001/XMLSchema}string'
2025-05-23 21:26:34,922 - spyne.interface._base - DEBUG - _base:add_class:481 -     adding SendRequest.Password = <class 'spyne.model.primitive.string.Unicode'>
2025-05-23 21:26:34,922 - spyne.interface._base - DEBUG - _base:add_class:481 -     adding SendRequest.RequestType = <class 'spyne.model.primitive.string.Unicode'>
2025-05-23 21:26:34,922 - spyne.interface._base - DEBUG - _base:add_class:481 -     adding SendRequest.XMLData = <class 'spyne.model.primitive.string.Unicode'>
2025-05-23 21:26:34,922 - spyne.interface._base - DEBUG - _base:add_class:442 -     adding class "<class 'spyne.model.complex.SendRequestResponse'>" for '{insurance.services}SendRequestResponse'
2025-05-23 21:26:34,922 - spyne.interface._base - DEBUG - _base:add_class:481 -     adding SendRequestResponse.SendRequestResult = <class 'models.soap_responses.SendRequestOutput'>
2025-05-23 21:26:34,922 - spyne.interface._base - DEBUG - _base:add_class:442 -     adding class "<class 'models.soap_responses.SendRequestOutput'>" for '{models.soap_responses}SendRequestOutput'
2025-05-23 21:26:34,922 - spyne.interface._base - DEBUG - _base:add_class:494 -     importing 'models.soap_responses' to 'insurance.services' for SendRequestResponse.SendRequestResult(<class 'models.soap_responses.SendRequestOutput'>)
2025-05-23 21:26:34,922 - spyne.interface._base - DEBUG - _base:populate_interface:364 - populating 'services.soap_service.InsuranceSoapService' routes...
2025-05-23 21:26:34,923 - spyne.interface._base - DEBUG - _base:process_method:289 -   adding method InsuranceSoapService.SendRequest to match '{insurance.services}SendRequest' tag.
2025-05-23 21:26:34,923 - spyne.interface._base - DEBUG - _base:populate_interface:396 - From this point on, you're not supposed to make any changes to the class and method structure of the exposed services.
2025-05-23 21:26:34,924 - spyne.interface.xml_schema - DEBUG - _base:build_validation_schema:211 - generating schema for targetNamespace='insurance.services', prefix: 'tns' in dir 'C:\\Users\\SUPPOR~1\\AppData\\Local\\Temp\\spynetkisqzn0'
2025-05-23 21:26:34,924 - spyne.interface.xml_schema - DEBUG - _base:build_validation_schema:221 - writing 'C:\\Users\\SUPPOR~1\\AppData\\Local\\Temp\\spynetkisqzn0\\tns.xsd' for ns insurance.services
2025-05-23 21:26:34,925 - spyne.interface.xml_schema - DEBUG - _base:build_validation_schema:221 - writing 'C:\\Users\\SUPPOR~1\\AppData\\Local\\Temp\\spynetkisqzn0\\s0.xsd' for ns models.soap_responses
2025-05-23 21:26:34,930 - spyne.interface.xml_schema - DEBUG - _base:build_validation_schema:237 - Schema built. Removed 'C:\\Users\\SUPPOR~1\\AppData\\Local\\Temp\\spynetkisqzn0'
2025-05-23 21:26:34,932 - spyne.util.appreg - DEBUG - appreg:register_application:84 - Registering <spyne.application.Application object at 0x000001BA00597290> as ('insurance.services', 'Application')
2025-05-23 21:26:34,932 - __main__ - INFO - app:create_soap_application:41 - Spyne application created.
2025-05-23 21:26:34,944 - __main__ - INFO - app:run_server:84 - Attempting to configure SSL.
2025-05-23 21:26:34,946 - __main__ - INFO - app:validate_ssl_files:51 - Validating SSL certificate: C:\soap-web-services\server\ssl\cert.pem and key: C:\soap-web-services\server\ssl\key.pem
2025-05-23 21:26:34,952 - __main__ - INFO - app:validate_ssl_files:56 - SSL certificate and key validated successfully.
2025-05-23 21:26:34,955 - __main__ - INFO - app:run_server:102 - 🔐 SSL enabled successfully using:
2025-05-23 21:26:34,955 - __main__ - INFO - app:run_server:103 -     Certificate: C:\soap-web-services\server\ssl\cert.pem
2025-05-23 21:26:34,955 - __main__ - INFO - app:run_server:104 -     Private Key: C:\soap-web-services\server\ssl\key.pem
2025-05-23 21:26:34,955 - __main__ - INFO - app:run_server:118 - 
🌍 Starting SOAP server at https://localhost:8000
2025-05-23 21:26:34,955 - __main__ - INFO - app:run_server:119 -    WSDL available at: https://localhost:8000/?wsdl
2025-05-23 21:26:34,955 - __main__ - INFO - app:run_server:120 - ⚙️  System mode: TEST
2025-05-23 21:26:34,955 - __main__ - INFO - app:run_server:121 - 🛑 Press Ctrl+C to stop

2025-05-23 21:26:41,917 - spyne.server.wsgi - DEBUG - wsgi:_get_http_headers:155 - Add http header 'host' = ['localhost:8000']
2025-05-23 21:26:41,917 - spyne.server.wsgi - DEBUG - wsgi:_get_http_headers:155 - Add http header 'user_agent' = ['Zeep/4.3.1 (www.python-zeep.org)']
2025-05-23 21:26:41,917 - spyne.server.wsgi - DEBUG - wsgi:_get_http_headers:155 - Add http header 'accept_encoding' = ['gzip, deflate']
2025-05-23 21:26:41,918 - spyne.server.wsgi - DEBUG - wsgi:_get_http_headers:155 - Add http header 'accept' = ['*/*']
2025-05-23 21:26:41,918 - spyne.server.wsgi - DEBUG - wsgi:_get_http_headers:155 - Add http header 'connection' = ['keep-alive']
2025-05-23 21:26:41,927 - spyne - DEBUG - context:close:406 - gc.collect() took around 10ms.
2025-05-23 21:26:44,026 - spyne.server.wsgi - DEBUG - wsgi:_get_http_headers:155 - Add http header 'host' = ['localhost:8000']
2025-05-23 21:26:44,026 - spyne.server.wsgi - DEBUG - wsgi:_get_http_headers:155 - Add http header 'user_agent' = ['Zeep/4.3.1 (www.python-zeep.org)']
2025-05-23 21:26:44,026 - spyne.server.wsgi - DEBUG - wsgi:_get_http_headers:155 - Add http header 'accept_encoding' = ['gzip, deflate']
2025-05-23 21:26:44,027 - spyne.server.wsgi - DEBUG - wsgi:_get_http_headers:155 - Add http header 'accept' = ['*/*']
2025-05-23 21:26:44,027 - spyne.server.wsgi - DEBUG - wsgi:_get_http_headers:155 - Add http header 'connection' = ['keep-alive']
2025-05-23 21:26:44,027 - spyne.server.wsgi - DEBUG - wsgi:_get_http_headers:155 - Add http header 'soapaction' = ['"SendRequest"']
2025-05-23 21:26:44,028 - services.soap_service - INFO - soap_service:__init__:35 - DataSecurity initialized successfully in InsuranceSoapService instance (id: 1900510178832).
2025-05-23 21:26:44,028 - services.soap_service - DEBUG - soap_service:SendRequest:195 - SendRequest called. Service instance id: 1900510178832
2025-05-23 21:26:44,028 - services.soap_service - INFO - soap_service:SendRequest:197 - SendRequest(User='admin', ReqType='SendRegistration'): Received request
2025-05-23 21:26:44,028 - services.soap_service - DEBUG - soap_service:SendRequest:205 - SendRequest(User='admin', ReqType='SendRegistration'): Authenticating...
2025-05-23 21:26:44,028 - services.soap_service - DEBUG - soap_service:SendRequest:210 - SendRequest(User='admin', ReqType='SendRegistration'): Decrypting payload...
2025-05-23 21:26:44,029 - services.soap_service - DEBUG - soap_service:SendRequest:216 - SendRequest(User='admin', ReqType='SendRegistration'): Parsing XML...
2025-05-23 21:26:44,029 - services.soap_service - INFO - soap_service:_call_handler_method:81 - [Handler:SendRegistration] Starting processing.
2025-05-23 21:26:44,031 - services.soap_service - DEBUG - soap_service:_handle_send_registration:98 - [SendRegistration] Input data parsed: {
  "Partner": "Iute Credit Macedonia DOOEL Skopje",
  "GACID": "PPIMK0000001/25",
  "CertificateID": "PPIMK0000001/25",
  "Insured": {
    "PartnerReferenceID": "#REFID_TESTCLIENT",
    "PersonType": "1",
    "VATNumber": null,
    "Title": "Dr.",
    "LastName": "TesterClient",
    "FirstName": "John",
    "Country": "HU",
    "ZIP": "1062",
    "State": "Pest",
    "City": "BUDAPEST",
    "Street": "Test Utca 123",
    "BirthPlace": "BUDAPEST",
    "BirthDateDMY": "01-01-1980",
    "Gender": "Male",
    "Phone": "+3612345678",
    "Email": "john.tester.client@example.com"
  },
  "Policy": {
    "Cover": "Sigurimi i Mbrojtjes se Kredise +",
    "ValidFrom": "01-06-2025",
    "ValidTo": "01.06.2027",
    "ValidToSMO": "01-06-2026",
    "CurrencyCode": "MKD",
    "SumInsured": "100000.00",
    "SumInsuredEUR": "1625.18",
    "Premium": "4800.00",
    "AdditionalPremium": "333.29",
    "GrossPremium": "5133.29"
  }
}
2025-05-23 21:26:44,654 - db.database - INFO - database:connect_informix:76 - Successfully connected to Informix DB.
2025-05-23 21:26:44,655 - services.soap_service - ERROR - soap_service:_call_handler_method:92 - [Handler:SendRegistration] Unexpected Exception during processing: 'tuple' object has no attribute 'close'
Traceback (most recent call last):
  File "C:\soap-web-services\server\services\soap_service.py", line 85, in _call_handler_method
    result_xml_str = actual_handler(xml_input_root)
                     ^^^^^^^^^^^^^^^^^^^^^^^^^^^^^^
  File "C:\soap-web-services\server\services\soap_service.py", line 118, in _handle_send_registration
    conn.close()
    ^^^^^^^^^^
AttributeError: 'tuple' object has no attribute 'close'
2025-05-23 21:26:44,656 - services.soap_service - ERROR - soap_service:SendRequest:237 - SendRequest(User='admin', ReqType='SendRegistration'): Processing error: AttributeError - 'tuple' object has no attribute 'close'
Traceback (most recent call last):
  File "C:\soap-web-services\server\services\soap_service.py", line 234, in SendRequest
    output_xml_payload = service._call_handler_method(handler_name, xml_root, RequestType)
                         ^^^^^^^^^^^^^^^^^^^^^^^^^^^^^^^^^^^^^^^^^^^^^^^^^^^^^^^^^^^^^^^^^
  File "C:\soap-web-services\server\services\soap_service.py", line 85, in _call_handler_method
    result_xml_str = actual_handler(xml_input_root)
                     ^^^^^^^^^^^^^^^^^^^^^^^^^^^^^^
  File "C:\soap-web-services\server\services\soap_service.py", line 118, in _handle_send_registration
    conn.close()
    ^^^^^^^^^^
AttributeError: 'tuple' object has no attribute 'close'
2025-05-23 21:26:44,656 - services.soap_service - DEBUG - soap_service:_get_pdf_compliant_error_message:56 - [SendRequest(User='admin', ReqType='SendRegistration')] Mapping exception: AttributeError - ''tuple' object has no attribute 'close''
Traceback (most recent call last):
  File "C:\soap-web-services\server\services\soap_service.py", line 234, in SendRequest
    output_xml_payload = service._call_handler_method(handler_name, xml_root, RequestType)
                         ^^^^^^^^^^^^^^^^^^^^^^^^^^^^^^^^^^^^^^^^^^^^^^^^^^^^^^^^^^^^^^^^^
  File "C:\soap-web-services\server\services\soap_service.py", line 85, in _call_handler_method
    result_xml_str = actual_handler(xml_input_root)
                     ^^^^^^^^^^^^^^^^^^^^^^^^^^^^^^
  File "C:\soap-web-services\server\services\soap_service.py", line 118, in _handle_send_registration
    conn.close()
    ^^^^^^^^^^
AttributeError: 'tuple' object has no attribute 'close'
2025-05-23 21:26:44,657 - services.soap_service - ERROR - soap_service:_get_pdf_compliant_error_message:75 - [SendRequest(User='admin', ReqType='SendRegistration')] Unhandled exception type, mapping to 'Inner exception': AttributeError - 'tuple' object has no attribute 'close'
Traceback (most recent call last):
  File "C:\soap-web-services\server\services\soap_service.py", line 234, in SendRequest
    output_xml_payload = service._call_handler_method(handler_name, xml_root, RequestType)
                         ^^^^^^^^^^^^^^^^^^^^^^^^^^^^^^^^^^^^^^^^^^^^^^^^^^^^^^^^^^^^^^^^^
  File "C:\soap-web-services\server\services\soap_service.py", line 85, in _call_handler_method
    result_xml_str = actual_handler(xml_input_root)
                     ^^^^^^^^^^^^^^^^^^^^^^^^^^^^^^
  File "C:\soap-web-services\server\services\soap_service.py", line 118, in _handle_send_registration
    conn.close()
    ^^^^^^^^^^
AttributeError: 'tuple' object has no attribute 'close'
2025-05-23 21:26:44,657 - services.soap_service - DEBUG - soap_service:_create_error_payload_xml_str:46 - Created error XML payload: <?xml version='1.0' encoding='utf-8'?>
<root><Error>Inner exception</Error></root>
2025-05-23 21:26:44,657 - services.soap_service - INFO - soap_service:SendRequest:264 - SendRequest(User='admin', ReqType='SendRegistration'): Completed with status 0
2025-05-23 21:26:44,673 - spyne - DEBUG - context:close:406 - gc.collect() took around 20ms.
2025-05-23 21:27:12,438 - root - INFO - logger:setup_logging:63 - Root logging configured. Level: DEBUG. Output to console. Output to file: logs/server_app.log.
2025-05-23 21:27:12,438 - __main__ - INFO - app:create_soap_application:34 - Creating Spyne SOAP application.
2025-05-23 21:27:12,439 - spyne.application - INFO - application:__init__:118 - Initializing application {insurance.services}Application...
2025-05-23 21:27:12,439 - spyne.interface._base - DEBUG - _base:populate_interface:332 - populating services.soap_service.InsuranceSoapService types...
2025-05-23 21:27:12,439 - spyne.interface._base - DEBUG - _base:populate_interface:352 -   enumerating classes for method 'SendRequest'
2025-05-23 21:27:12,439 - spyne.interface._base - DEBUG - _base:add_class:442 -     adding class "<class 'spyne.model.complex.SendRequest'>" for '{insurance.services}SendRequest'
2025-05-23 21:27:12,439 - spyne.interface._base - DEBUG - _base:add_class:481 -     adding SendRequest.UserName = <class 'spyne.model.primitive.string.Unicode'>
2025-05-23 21:27:12,440 - spyne.interface._base - DEBUG - _base:add_class:442 -     adding class "<class 'spyne.model.primitive.string.Unicode'>" for '{http://www.w3.org/2001/XMLSchema}string'
2025-05-23 21:27:12,440 - spyne.interface._base - DEBUG - _base:add_class:481 -     adding SendRequest.Password = <class 'spyne.model.primitive.string.Unicode'>
2025-05-23 21:27:12,440 - spyne.interface._base - DEBUG - _base:add_class:481 -     adding SendRequest.RequestType = <class 'spyne.model.primitive.string.Unicode'>
2025-05-23 21:27:12,440 - spyne.interface._base - DEBUG - _base:add_class:481 -     adding SendRequest.XMLData = <class 'spyne.model.primitive.string.Unicode'>
2025-05-23 21:27:12,440 - spyne.interface._base - DEBUG - _base:add_class:442 -     adding class "<class 'spyne.model.complex.SendRequestResponse'>" for '{insurance.services}SendRequestResponse'
2025-05-23 21:27:12,440 - spyne.interface._base - DEBUG - _base:add_class:481 -     adding SendRequestResponse.SendRequestResult = <class 'models.soap_responses.SendRequestOutput'>
2025-05-23 21:27:12,441 - spyne.interface._base - DEBUG - _base:add_class:442 -     adding class "<class 'models.soap_responses.SendRequestOutput'>" for '{models.soap_responses}SendRequestOutput'
2025-05-23 21:27:12,441 - spyne.interface._base - DEBUG - _base:add_class:494 -     importing 'models.soap_responses' to 'insurance.services' for SendRequestResponse.SendRequestResult(<class 'models.soap_responses.SendRequestOutput'>)
2025-05-23 21:27:12,441 - spyne.interface._base - DEBUG - _base:populate_interface:364 - populating 'services.soap_service.InsuranceSoapService' routes...
2025-05-23 21:27:12,441 - spyne.interface._base - DEBUG - _base:process_method:289 -   adding method InsuranceSoapService.SendRequest to match '{insurance.services}SendRequest' tag.
2025-05-23 21:27:12,441 - spyne.interface._base - DEBUG - _base:populate_interface:396 - From this point on, you're not supposed to make any changes to the class and method structure of the exposed services.
2025-05-23 21:27:12,443 - spyne.interface.xml_schema - DEBUG - _base:build_validation_schema:211 - generating schema for targetNamespace='insurance.services', prefix: 'tns' in dir 'C:\\Users\\SUPPOR~1\\AppData\\Local\\Temp\\spyne47qrh210'
2025-05-23 21:27:12,444 - spyne.interface.xml_schema - DEBUG - _base:build_validation_schema:221 - writing 'C:\\Users\\SUPPOR~1\\AppData\\Local\\Temp\\spyne47qrh210\\tns.xsd' for ns insurance.services
2025-05-23 21:27:12,444 - spyne.interface.xml_schema - DEBUG - _base:build_validation_schema:221 - writing 'C:\\Users\\SUPPOR~1\\AppData\\Local\\Temp\\spyne47qrh210\\s0.xsd' for ns models.soap_responses
2025-05-23 21:27:12,449 - spyne.interface.xml_schema - DEBUG - _base:build_validation_schema:237 - Schema built. Removed 'C:\\Users\\SUPPOR~1\\AppData\\Local\\Temp\\spyne47qrh210'
2025-05-23 21:27:12,451 - spyne.util.appreg - DEBUG - appreg:register_application:84 - Registering <spyne.application.Application object at 0x00000295446DBD50> as ('insurance.services', 'Application')
2025-05-23 21:27:12,451 - __main__ - INFO - app:create_soap_application:41 - Spyne application created.
2025-05-23 21:27:12,463 - __main__ - INFO - app:run_server:84 - Attempting to configure SSL.
2025-05-23 21:27:12,463 - __main__ - INFO - app:validate_ssl_files:51 - Validating SSL certificate: C:\soap-web-services\server\ssl\cert.pem and key: C:\soap-web-services\server\ssl\key.pem
2025-05-23 21:27:12,468 - __main__ - INFO - app:validate_ssl_files:56 - SSL certificate and key validated successfully.
2025-05-23 21:27:12,471 - __main__ - INFO - app:run_server:102 - 🔐 SSL enabled successfully using:
2025-05-23 21:27:12,472 - __main__ - INFO - app:run_server:103 -     Certificate: C:\soap-web-services\server\ssl\cert.pem
2025-05-23 21:27:12,472 - __main__ - INFO - app:run_server:104 -     Private Key: C:\soap-web-services\server\ssl\key.pem
2025-05-23 21:27:12,472 - __main__ - INFO - app:run_server:118 - 
🌍 Starting SOAP server at https://localhost:8000
2025-05-23 21:27:12,472 - __main__ - INFO - app:run_server:119 -    WSDL available at: https://localhost:8000/?wsdl
2025-05-23 21:27:12,473 - __main__ - INFO - app:run_server:120 - ⚙️  System mode: TEST
2025-05-23 21:27:12,473 - __main__ - INFO - app:run_server:121 - 🛑 Press Ctrl+C to stop

2025-05-23 21:27:18,337 - spyne.server.wsgi - DEBUG - wsgi:_get_http_headers:155 - Add http header 'host' = ['localhost:8000']
2025-05-23 21:27:18,337 - spyne.server.wsgi - DEBUG - wsgi:_get_http_headers:155 - Add http header 'user_agent' = ['Zeep/4.3.1 (www.python-zeep.org)']
2025-05-23 21:27:18,337 - spyne.server.wsgi - DEBUG - wsgi:_get_http_headers:155 - Add http header 'accept_encoding' = ['gzip, deflate']
2025-05-23 21:27:18,338 - spyne.server.wsgi - DEBUG - wsgi:_get_http_headers:155 - Add http header 'accept' = ['*/*']
2025-05-23 21:27:18,338 - spyne.server.wsgi - DEBUG - wsgi:_get_http_headers:155 - Add http header 'connection' = ['keep-alive']
2025-05-23 21:27:18,348 - spyne - DEBUG - context:close:406 - gc.collect() took around 10ms.
2025-05-23 21:27:20,437 - spyne.server.wsgi - DEBUG - wsgi:_get_http_headers:155 - Add http header 'host' = ['localhost:8000']
2025-05-23 21:27:20,437 - spyne.server.wsgi - DEBUG - wsgi:_get_http_headers:155 - Add http header 'user_agent' = ['Zeep/4.3.1 (www.python-zeep.org)']
2025-05-23 21:27:20,437 - spyne.server.wsgi - DEBUG - wsgi:_get_http_headers:155 - Add http header 'accept_encoding' = ['gzip, deflate']
2025-05-23 21:27:20,437 - spyne.server.wsgi - DEBUG - wsgi:_get_http_headers:155 - Add http header 'accept' = ['*/*']
2025-05-23 21:27:20,437 - spyne.server.wsgi - DEBUG - wsgi:_get_http_headers:155 - Add http header 'connection' = ['keep-alive']
2025-05-23 21:27:20,438 - spyne.server.wsgi - DEBUG - wsgi:_get_http_headers:155 - Add http header 'soapaction' = ['"SendRequest"']
2025-05-23 21:27:20,438 - services.soap_service - INFO - soap_service:__init__:35 - DataSecurity initialized successfully in InsuranceSoapService instance (id: 2840121461072).
2025-05-23 21:27:20,438 - services.soap_service - DEBUG - soap_service:SendRequest:196 - SendRequest called. Service instance id: 2840121461072
2025-05-23 21:27:20,439 - services.soap_service - INFO - soap_service:SendRequest:198 - SendRequest(User='admin', ReqType='SendRegistration'): Received request
2025-05-23 21:27:20,439 - services.soap_service - DEBUG - soap_service:SendRequest:206 - SendRequest(User='admin', ReqType='SendRegistration'): Authenticating...
2025-05-23 21:27:20,439 - services.soap_service - DEBUG - soap_service:SendRequest:211 - SendRequest(User='admin', ReqType='SendRegistration'): Decrypting payload...
2025-05-23 21:27:20,440 - services.soap_service - DEBUG - soap_service:SendRequest:217 - SendRequest(User='admin', ReqType='SendRegistration'): Parsing XML...
2025-05-23 21:27:20,440 - services.soap_service - INFO - soap_service:_call_handler_method:81 - [Handler:SendRegistration] Starting processing.
2025-05-23 21:27:20,442 - services.soap_service - DEBUG - soap_service:_handle_send_registration:98 - [SendRegistration] Input data parsed: {
  "Partner": "Iute Credit Macedonia DOOEL Skopje",
  "GACID": "PPIMK0000001/25",
  "CertificateID": "PPIMK0000001/25",
  "Insured": {
    "PartnerReferenceID": "#REFID_TESTCLIENT",
    "PersonType": "1",
    "VATNumber": null,
    "Title": "Dr.",
    "LastName": "TesterClient",
    "FirstName": "John",
    "Country": "HU",
    "ZIP": "1062",
    "State": "Pest",
    "City": "BUDAPEST",
    "Street": "Test Utca 123",
    "BirthPlace": "BUDAPEST",
    "BirthDateDMY": "01-01-1980",
    "Gender": "Male",
    "Phone": "+3612345678",
    "Email": "john.tester.client@example.com"
  },
  "Policy": {
    "Cover": "Sigurimi i Mbrojtjes se Kredise +",
    "ValidFrom": "01-06-2025",
    "ValidTo": "01.06.2027",
    "ValidToSMO": "01-06-2026",
    "CurrencyCode": "MKD",
    "SumInsured": "100000.00",
    "SumInsuredEUR": "1625.18",
    "Premium": "4800.00",
    "AdditionalPremium": "333.29",
    "GrossPremium": "5133.29"
  }
}
2025-05-23 21:27:20,993 - db.database - INFO - database:connect_informix:76 - Successfully connected to Informix DB.
2025-05-23 21:27:20,993 - services.soap_service - INFO - soap_service:_call_handler_method:86 - [Handler:SendRegistration] Processed successfully.
2025-05-23 21:27:20,994 - services.soap_service - INFO - soap_service:SendRequest:265 - SendRequest(User='admin', ReqType='SendRegistration'): Completed with status 1
2025-05-23 21:27:21,007 - spyne - DEBUG - context:close:406 - gc.collect() took around 10ms.
2025-05-23 23:08:12,483 - root - INFO - logger:setup_logging:63 - Root logging configured. Level: DEBUG. Output to console. Output to file: logs/server_app.log.
2025-05-23 23:08:12,484 - __main__ - INFO - app:create_soap_application:34 - Creating Spyne SOAP application.
2025-05-23 23:08:12,484 - spyne.application - INFO - application:__init__:118 - Initializing application {insurance.services}Application...
2025-05-23 23:08:12,484 - spyne.interface._base - DEBUG - _base:populate_interface:332 - populating services.soap_service.InsuranceSoapService types...
2025-05-23 23:08:12,484 - spyne.interface._base - DEBUG - _base:populate_interface:352 -   enumerating classes for method 'SendRequest'
2025-05-23 23:08:12,484 - spyne.interface._base - DEBUG - _base:add_class:442 -     adding class "<class 'spyne.model.complex.SendRequest'>" for '{insurance.services}SendRequest'
2025-05-23 23:08:12,485 - spyne.interface._base - DEBUG - _base:add_class:481 -     adding SendRequest.UserName = <class 'spyne.model.primitive.string.Unicode'>
2025-05-23 23:08:12,485 - spyne.interface._base - DEBUG - _base:add_class:442 -     adding class "<class 'spyne.model.primitive.string.Unicode'>" for '{http://www.w3.org/2001/XMLSchema}string'
2025-05-23 23:08:12,485 - spyne.interface._base - DEBUG - _base:add_class:481 -     adding SendRequest.Password = <class 'spyne.model.primitive.string.Unicode'>
2025-05-23 23:08:12,485 - spyne.interface._base - DEBUG - _base:add_class:481 -     adding SendRequest.RequestType = <class 'spyne.model.primitive.string.Unicode'>
2025-05-23 23:08:12,485 - spyne.interface._base - DEBUG - _base:add_class:481 -     adding SendRequest.XMLData = <class 'spyne.model.primitive.string.Unicode'>
2025-05-23 23:08:12,485 - spyne.interface._base - DEBUG - _base:add_class:442 -     adding class "<class 'spyne.model.complex.SendRequestResponse'>" for '{insurance.services}SendRequestResponse'
2025-05-23 23:08:12,485 - spyne.interface._base - DEBUG - _base:add_class:481 -     adding SendRequestResponse.SendRequestResult = <class 'models.soap_responses.SendRequestOutput'>
2025-05-23 23:08:12,485 - spyne.interface._base - DEBUG - _base:add_class:442 -     adding class "<class 'models.soap_responses.SendRequestOutput'>" for '{models.soap_responses}SendRequestOutput'
2025-05-23 23:08:12,485 - spyne.interface._base - DEBUG - _base:add_class:494 -     importing 'models.soap_responses' to 'insurance.services' for SendRequestResponse.SendRequestResult(<class 'models.soap_responses.SendRequestOutput'>)
2025-05-23 23:08:12,485 - spyne.interface._base - DEBUG - _base:populate_interface:364 - populating 'services.soap_service.InsuranceSoapService' routes...
2025-05-23 23:08:12,485 - spyne.interface._base - DEBUG - _base:process_method:289 -   adding method InsuranceSoapService.SendRequest to match '{insurance.services}SendRequest' tag.
2025-05-23 23:08:12,485 - spyne.interface._base - DEBUG - _base:populate_interface:396 - From this point on, you're not supposed to make any changes to the class and method structure of the exposed services.
2025-05-23 23:08:12,487 - spyne.interface.xml_schema - DEBUG - _base:build_validation_schema:211 - generating schema for targetNamespace='insurance.services', prefix: 'tns' in dir 'C:\\Users\\SUPPOR~1\\AppData\\Local\\Temp\\spyne9l4blloe'
2025-05-23 23:08:12,487 - spyne.interface.xml_schema - DEBUG - _base:build_validation_schema:221 - writing 'C:\\Users\\SUPPOR~1\\AppData\\Local\\Temp\\spyne9l4blloe\\tns.xsd' for ns insurance.services
2025-05-23 23:08:12,488 - spyne.interface.xml_schema - DEBUG - _base:build_validation_schema:221 - writing 'C:\\Users\\SUPPOR~1\\AppData\\Local\\Temp\\spyne9l4blloe\\s0.xsd' for ns models.soap_responses
2025-05-23 23:08:12,536 - spyne.interface.xml_schema - DEBUG - _base:build_validation_schema:237 - Schema built. Removed 'C:\\Users\\SUPPOR~1\\AppData\\Local\\Temp\\spyne9l4blloe'
2025-05-23 23:08:12,582 - spyne.util.appreg - DEBUG - appreg:register_application:84 - Registering <spyne.application.Application object at 0x000001E2134EBF50> as ('insurance.services', 'Application')
2025-05-23 23:08:12,583 - __main__ - INFO - app:create_soap_application:41 - Spyne application created.
2025-05-23 23:08:12,592 - __main__ - INFO - app:run_server:84 - Attempting to configure SSL.
2025-05-23 23:08:12,593 - __main__ - INFO - app:validate_ssl_files:51 - Validating SSL certificate: C:\soap-web-services\server\ssl\cert.pem and key: C:\soap-web-services\server\ssl\key.pem
2025-05-23 23:08:12,623 - __main__ - INFO - app:validate_ssl_files:56 - SSL certificate and key validated successfully.
2025-05-23 23:08:12,626 - __main__ - INFO - app:run_server:102 - 🔐 SSL enabled successfully using:
2025-05-23 23:08:12,626 - __main__ - INFO - app:run_server:103 -     Certificate: C:\soap-web-services\server\ssl\cert.pem
2025-05-23 23:08:12,626 - __main__ - INFO - app:run_server:104 -     Private Key: C:\soap-web-services\server\ssl\key.pem
2025-05-23 23:08:12,626 - __main__ - INFO - app:run_server:118 - 
🌍 Starting SOAP server at https://localhost:8000
2025-05-23 23:08:12,626 - __main__ - INFO - app:run_server:119 -    WSDL available at: https://localhost:8000/?wsdl
2025-05-23 23:08:12,626 - __main__ - INFO - app:run_server:120 - ⚙️  System mode: TEST
2025-05-23 23:08:12,626 - __main__ - INFO - app:run_server:121 - 🛑 Press Ctrl+C to stop

2025-05-23 23:08:20,209 - spyne.server.wsgi - DEBUG - wsgi:_get_http_headers:155 - Add http header 'host' = ['localhost:8000']
2025-05-23 23:08:20,210 - spyne.server.wsgi - DEBUG - wsgi:_get_http_headers:155 - Add http header 'user_agent' = ['Zeep/4.3.1 (www.python-zeep.org)']
2025-05-23 23:08:20,210 - spyne.server.wsgi - DEBUG - wsgi:_get_http_headers:155 - Add http header 'accept_encoding' = ['gzip, deflate']
2025-05-23 23:08:20,210 - spyne.server.wsgi - DEBUG - wsgi:_get_http_headers:155 - Add http header 'accept' = ['*/*']
2025-05-23 23:08:20,210 - spyne.server.wsgi - DEBUG - wsgi:_get_http_headers:155 - Add http header 'connection' = ['keep-alive']
2025-05-23 23:08:20,222 - spyne - DEBUG - context:close:406 - gc.collect() took around 10ms.
2025-05-23 23:08:22,306 - spyne.server.wsgi - DEBUG - wsgi:_get_http_headers:155 - Add http header 'host' = ['localhost:8000']
2025-05-23 23:08:22,306 - spyne.server.wsgi - DEBUG - wsgi:_get_http_headers:155 - Add http header 'user_agent' = ['Zeep/4.3.1 (www.python-zeep.org)']
2025-05-23 23:08:22,306 - spyne.server.wsgi - DEBUG - wsgi:_get_http_headers:155 - Add http header 'accept_encoding' = ['gzip, deflate']
2025-05-23 23:08:22,307 - spyne.server.wsgi - DEBUG - wsgi:_get_http_headers:155 - Add http header 'accept' = ['*/*']
2025-05-23 23:08:22,307 - spyne.server.wsgi - DEBUG - wsgi:_get_http_headers:155 - Add http header 'connection' = ['keep-alive']
2025-05-23 23:08:22,307 - spyne.server.wsgi - DEBUG - wsgi:_get_http_headers:155 - Add http header 'soapaction' = ['"SendRequest"']
2025-05-23 23:08:22,308 - services.soap_service - INFO - soap_service:__init__:37 - DataSecurity initialized successfully in InsuranceSoapService instance (id: 2070497487760).
2025-05-23 23:08:22,308 - services.soap_service - DEBUG - soap_service:SendRequest:219 - SendRequest called. Service instance id: 2070497487760
2025-05-23 23:08:22,308 - services.soap_service - INFO - soap_service:SendRequest:221 - SendRequest(User='admin', ReqType='SendRegistration'): Received request
2025-05-23 23:08:22,309 - services.soap_service - DEBUG - soap_service:SendRequest:229 - SendRequest(User='admin', ReqType='SendRegistration'): Authenticating...
2025-05-23 23:08:22,309 - services.soap_service - DEBUG - soap_service:SendRequest:234 - SendRequest(User='admin', ReqType='SendRegistration'): Decrypting payload...
2025-05-23 23:08:22,311 - services.soap_service - DEBUG - soap_service:SendRequest:240 - SendRequest(User='admin', ReqType='SendRegistration'): Parsing XML...
2025-05-23 23:08:22,311 - services.soap_service - INFO - soap_service:_call_handler_method:100 - [Handler:SendRegistration] Starting processing.
2025-05-23 23:08:22,313 - services.soap_service - DEBUG - soap_service:_handle_send_registration:117 - [SendRegistration] Input data parsed: {
  "Partner": "Iute Credit Macedonia DOOEL Skopje",
  "GACID": "PPIMK0000001/25",
  "CertificateID": "PPIMK0000001/25",
  "Insured": {
    "PartnerReferenceID": "#REFID_TESTCLIENT",
    "PersonType": "1",
    "VATNumber": null,
    "Title": "Dr.",
    "LastName": "TesterClient",
    "FirstName": "John",
    "Country": "HU",
    "ZIP": "1062",
    "State": "Pest",
    "City": "BUDAPEST",
    "Street": "Test Utca 123",
    "BirthPlace": "BUDAPEST",
    "BirthDateDMY": "01-01-1980",
    "Gender": "Male",
    "Phone": "+3612345678",
    "Email": "john.tester.client@example.com"
  },
  "Policy": {
    "Cover": "Sigurimi i Mbrojtjes se Kredise +",
    "ValidFrom": "01-06-2025",
    "ValidTo": "01.06.2027",
    "ValidToSMO": "01-06-2026",
    "CurrencyCode": "MKD",
    "SumInsured": "100000.00",
    "SumInsuredEUR": "1625.18",
    "Premium": "4800.00",
    "AdditionalPremium": "333.29",
    "GrossPremium": "5133.29"
  }
}
2025-05-23 23:08:23,031 - db.database - INFO - database:connect_informix:76 - Successfully connected to Informix DB.
2025-05-23 23:08:23,050 - db.database - INFO - database:connect_informix:76 - Successfully connected to Informix DB.
2025-05-23 23:08:23,050 - services.soap_service - ERROR - soap_service:_call_handler_method:111 - [Handler:SendRegistration] Unexpected Exception during processing: 'NoneType' object has no attribute 'rollback'
Traceback (most recent call last):
  File "C:\soap-web-services\server\services\soap_service.py", line 131, in _handle_send_registration
    conn = cursor.connection
           ^^^^^^^^^^^^^^^^^
AttributeError: 'Cursor' object has no attribute 'connection'

During handling of the above exception, another exception occurred:

Traceback (most recent call last):
  File "C:\soap-web-services\server\services\soap_service.py", line 104, in _call_handler_method
    result_xml_str = actual_handler(xml_input_root)
                     ^^^^^^^^^^^^^^^^^^^^^^^^^^^^^^
  File "C:\soap-web-services\server\services\soap_service.py", line 135, in _handle_send_registration
    conn.rollback()  # Rollback on error
    ^^^^^^^^^^^^^
AttributeError: 'NoneType' object has no attribute 'rollback'
2025-05-23 23:08:23,052 - services.soap_service - ERROR - soap_service:SendRequest:261 - SendRequest(User='admin', ReqType='SendRegistration'): Processing error: AttributeError - 'NoneType' object has no attribute 'rollback'
Traceback (most recent call last):
  File "C:\soap-web-services\server\services\soap_service.py", line 131, in _handle_send_registration
    conn = cursor.connection
           ^^^^^^^^^^^^^^^^^
AttributeError: 'Cursor' object has no attribute 'connection'

During handling of the above exception, another exception occurred:

Traceback (most recent call last):
  File "C:\soap-web-services\server\services\soap_service.py", line 258, in SendRequest
    output_xml_payload = service._call_handler_method(handler_name, xml_root, RequestType)
                         ^^^^^^^^^^^^^^^^^^^^^^^^^^^^^^^^^^^^^^^^^^^^^^^^^^^^^^^^^^^^^^^^^
  File "C:\soap-web-services\server\services\soap_service.py", line 104, in _call_handler_method
    result_xml_str = actual_handler(xml_input_root)
                     ^^^^^^^^^^^^^^^^^^^^^^^^^^^^^^
  File "C:\soap-web-services\server\services\soap_service.py", line 135, in _handle_send_registration
    conn.rollback()  # Rollback on error
    ^^^^^^^^^^^^^
AttributeError: 'NoneType' object has no attribute 'rollback'
2025-05-23 23:08:23,052 - services.soap_service - DEBUG - soap_service:_get_pdf_compliant_error_message:75 - [SendRequest(User='admin', ReqType='SendRegistration')] Mapping exception: AttributeError - ''NoneType' object has no attribute 'rollback''
Traceback (most recent call last):
  File "C:\soap-web-services\server\services\soap_service.py", line 131, in _handle_send_registration
    conn = cursor.connection
           ^^^^^^^^^^^^^^^^^
AttributeError: 'Cursor' object has no attribute 'connection'

During handling of the above exception, another exception occurred:

Traceback (most recent call last):
  File "C:\soap-web-services\server\services\soap_service.py", line 258, in SendRequest
    output_xml_payload = service._call_handler_method(handler_name, xml_root, RequestType)
                         ^^^^^^^^^^^^^^^^^^^^^^^^^^^^^^^^^^^^^^^^^^^^^^^^^^^^^^^^^^^^^^^^^
  File "C:\soap-web-services\server\services\soap_service.py", line 104, in _call_handler_method
    result_xml_str = actual_handler(xml_input_root)
                     ^^^^^^^^^^^^^^^^^^^^^^^^^^^^^^
  File "C:\soap-web-services\server\services\soap_service.py", line 135, in _handle_send_registration
    conn.rollback()  # Rollback on error
    ^^^^^^^^^^^^^
AttributeError: 'NoneType' object has no attribute 'rollback'
2025-05-23 23:08:23,053 - services.soap_service - ERROR - soap_service:_get_pdf_compliant_error_message:94 - [SendRequest(User='admin', ReqType='SendRegistration')] Unhandled exception type, mapping to 'Inner exception': AttributeError - 'NoneType' object has no attribute 'rollback'
Traceback (most recent call last):
  File "C:\soap-web-services\server\services\soap_service.py", line 131, in _handle_send_registration
    conn = cursor.connection
           ^^^^^^^^^^^^^^^^^
AttributeError: 'Cursor' object has no attribute 'connection'

During handling of the above exception, another exception occurred:

Traceback (most recent call last):
  File "C:\soap-web-services\server\services\soap_service.py", line 258, in SendRequest
    output_xml_payload = service._call_handler_method(handler_name, xml_root, RequestType)
                         ^^^^^^^^^^^^^^^^^^^^^^^^^^^^^^^^^^^^^^^^^^^^^^^^^^^^^^^^^^^^^^^^^
  File "C:\soap-web-services\server\services\soap_service.py", line 104, in _call_handler_method
    result_xml_str = actual_handler(xml_input_root)
                     ^^^^^^^^^^^^^^^^^^^^^^^^^^^^^^
  File "C:\soap-web-services\server\services\soap_service.py", line 135, in _handle_send_registration
    conn.rollback()  # Rollback on error
    ^^^^^^^^^^^^^
AttributeError: 'NoneType' object has no attribute 'rollback'
2025-05-23 23:08:23,054 - services.soap_service - DEBUG - soap_service:_create_error_payload_xml_str:65 - Created error XML payload: <?xml version='1.0' encoding='utf-8'?>
<root><Error>Inner exception</Error></root>
2025-05-23 23:08:23,054 - services.soap_service - INFO - soap_service:SendRequest:288 - SendRequest(User='admin', ReqType='SendRegistration'): Completed with status 0
2025-05-23 23:08:23,074 - spyne - DEBUG - context:close:406 - gc.collect() took around 20ms.
2025-05-23 23:11:25,366 - root - INFO - logger:setup_logging:63 - Root logging configured. Level: DEBUG. Output to console. Output to file: logs/server_app.log.
2025-05-23 23:11:25,366 - __main__ - INFO - app:create_soap_application:34 - Creating Spyne SOAP application.
2025-05-23 23:11:25,366 - spyne.application - INFO - application:__init__:118 - Initializing application {insurance.services}Application...
2025-05-23 23:11:25,366 - spyne.interface._base - DEBUG - _base:populate_interface:332 - populating services.soap_service.InsuranceSoapService types...
2025-05-23 23:11:25,367 - spyne.interface._base - DEBUG - _base:populate_interface:352 -   enumerating classes for method 'SendRequest'
2025-05-23 23:11:25,367 - spyne.interface._base - DEBUG - _base:add_class:442 -     adding class "<class 'spyne.model.complex.SendRequest'>" for '{insurance.services}SendRequest'
2025-05-23 23:11:25,367 - spyne.interface._base - DEBUG - _base:add_class:481 -     adding SendRequest.UserName = <class 'spyne.model.primitive.string.Unicode'>
2025-05-23 23:11:25,367 - spyne.interface._base - DEBUG - _base:add_class:442 -     adding class "<class 'spyne.model.primitive.string.Unicode'>" for '{http://www.w3.org/2001/XMLSchema}string'
2025-05-23 23:11:25,367 - spyne.interface._base - DEBUG - _base:add_class:481 -     adding SendRequest.Password = <class 'spyne.model.primitive.string.Unicode'>
2025-05-23 23:11:25,367 - spyne.interface._base - DEBUG - _base:add_class:481 -     adding SendRequest.RequestType = <class 'spyne.model.primitive.string.Unicode'>
2025-05-23 23:11:25,367 - spyne.interface._base - DEBUG - _base:add_class:481 -     adding SendRequest.XMLData = <class 'spyne.model.primitive.string.Unicode'>
2025-05-23 23:11:25,367 - spyne.interface._base - DEBUG - _base:add_class:442 -     adding class "<class 'spyne.model.complex.SendRequestResponse'>" for '{insurance.services}SendRequestResponse'
2025-05-23 23:11:25,367 - spyne.interface._base - DEBUG - _base:add_class:481 -     adding SendRequestResponse.SendRequestResult = <class 'models.soap_responses.SendRequestOutput'>
2025-05-23 23:11:25,368 - spyne.interface._base - DEBUG - _base:add_class:442 -     adding class "<class 'models.soap_responses.SendRequestOutput'>" for '{models.soap_responses}SendRequestOutput'
2025-05-23 23:11:25,368 - spyne.interface._base - DEBUG - _base:add_class:494 -     importing 'models.soap_responses' to 'insurance.services' for SendRequestResponse.SendRequestResult(<class 'models.soap_responses.SendRequestOutput'>)
2025-05-23 23:11:25,368 - spyne.interface._base - DEBUG - _base:populate_interface:364 - populating 'services.soap_service.InsuranceSoapService' routes...
2025-05-23 23:11:25,368 - spyne.interface._base - DEBUG - _base:process_method:289 -   adding method InsuranceSoapService.SendRequest to match '{insurance.services}SendRequest' tag.
2025-05-23 23:11:25,368 - spyne.interface._base - DEBUG - _base:populate_interface:396 - From this point on, you're not supposed to make any changes to the class and method structure of the exposed services.
2025-05-23 23:11:25,369 - spyne.interface.xml_schema - DEBUG - _base:build_validation_schema:211 - generating schema for targetNamespace='insurance.services', prefix: 'tns' in dir 'C:\\Users\\SUPPOR~1\\AppData\\Local\\Temp\\spyne0iit9loa'
2025-05-23 23:11:25,370 - spyne.interface.xml_schema - DEBUG - _base:build_validation_schema:221 - writing 'C:\\Users\\SUPPOR~1\\AppData\\Local\\Temp\\spyne0iit9loa\\tns.xsd' for ns insurance.services
2025-05-23 23:11:25,372 - spyne.interface.xml_schema - DEBUG - _base:build_validation_schema:221 - writing 'C:\\Users\\SUPPOR~1\\AppData\\Local\\Temp\\spyne0iit9loa\\s0.xsd' for ns models.soap_responses
2025-05-23 23:11:25,375 - spyne.interface.xml_schema - DEBUG - _base:build_validation_schema:237 - Schema built. Removed 'C:\\Users\\SUPPOR~1\\AppData\\Local\\Temp\\spyne0iit9loa'
2025-05-23 23:11:25,377 - spyne.util.appreg - DEBUG - appreg:register_application:84 - Registering <spyne.application.Application object at 0x0000016CB7C77FD0> as ('insurance.services', 'Application')
2025-05-23 23:11:25,378 - __main__ - INFO - app:create_soap_application:41 - Spyne application created.
2025-05-23 23:11:25,392 - __main__ - INFO - app:run_server:84 - Attempting to configure SSL.
2025-05-23 23:11:25,392 - __main__ - INFO - app:validate_ssl_files:51 - Validating SSL certificate: C:\soap-web-services\server\ssl\cert.pem and key: C:\soap-web-services\server\ssl\key.pem
2025-05-23 23:11:25,395 - __main__ - INFO - app:validate_ssl_files:56 - SSL certificate and key validated successfully.
2025-05-23 23:11:25,399 - __main__ - INFO - app:run_server:102 - 🔐 SSL enabled successfully using:
2025-05-23 23:11:25,399 - __main__ - INFO - app:run_server:103 -     Certificate: C:\soap-web-services\server\ssl\cert.pem
2025-05-23 23:11:25,399 - __main__ - INFO - app:run_server:104 -     Private Key: C:\soap-web-services\server\ssl\key.pem
2025-05-23 23:11:25,400 - __main__ - INFO - app:run_server:118 - 
🌍 Starting SOAP server at https://localhost:8000
2025-05-23 23:11:25,400 - __main__ - INFO - app:run_server:119 -    WSDL available at: https://localhost:8000/?wsdl
2025-05-23 23:11:25,400 - __main__ - INFO - app:run_server:120 - ⚙️  System mode: TEST
2025-05-23 23:11:25,400 - __main__ - INFO - app:run_server:121 - 🛑 Press Ctrl+C to stop

2025-05-23 23:11:31,476 - spyne.server.wsgi - DEBUG - wsgi:_get_http_headers:155 - Add http header 'host' = ['localhost:8000']
2025-05-23 23:11:31,476 - spyne.server.wsgi - DEBUG - wsgi:_get_http_headers:155 - Add http header 'user_agent' = ['Zeep/4.3.1 (www.python-zeep.org)']
2025-05-23 23:11:31,476 - spyne.server.wsgi - DEBUG - wsgi:_get_http_headers:155 - Add http header 'accept_encoding' = ['gzip, deflate']
2025-05-23 23:11:31,476 - spyne.server.wsgi - DEBUG - wsgi:_get_http_headers:155 - Add http header 'accept' = ['*/*']
2025-05-23 23:11:31,476 - spyne.server.wsgi - DEBUG - wsgi:_get_http_headers:155 - Add http header 'connection' = ['keep-alive']
2025-05-23 23:11:31,486 - spyne - DEBUG - context:close:406 - gc.collect() took around 10ms.
2025-05-23 23:11:33,608 - spyne.server.wsgi - DEBUG - wsgi:_get_http_headers:155 - Add http header 'host' = ['localhost:8000']
2025-05-23 23:11:33,608 - spyne.server.wsgi - DEBUG - wsgi:_get_http_headers:155 - Add http header 'user_agent' = ['Zeep/4.3.1 (www.python-zeep.org)']
2025-05-23 23:11:33,608 - spyne.server.wsgi - DEBUG - wsgi:_get_http_headers:155 - Add http header 'accept_encoding' = ['gzip, deflate']
2025-05-23 23:11:33,608 - spyne.server.wsgi - DEBUG - wsgi:_get_http_headers:155 - Add http header 'accept' = ['*/*']
2025-05-23 23:11:33,609 - spyne.server.wsgi - DEBUG - wsgi:_get_http_headers:155 - Add http header 'connection' = ['keep-alive']
2025-05-23 23:11:33,609 - spyne.server.wsgi - DEBUG - wsgi:_get_http_headers:155 - Add http header 'soapaction' = ['"SendRequest"']
2025-05-23 23:11:33,610 - services.soap_service - INFO - soap_service:__init__:37 - DataSecurity initialized successfully in InsuranceSoapService instance (id: 1566450676624).
2025-05-23 23:11:33,611 - services.soap_service - DEBUG - soap_service:SendRequest:217 - SendRequest called. Service instance id: 1566450676624
2025-05-23 23:11:33,611 - services.soap_service - INFO - soap_service:SendRequest:219 - SendRequest(User='admin', ReqType='SendRegistration'): Received request
2025-05-23 23:11:33,611 - services.soap_service - DEBUG - soap_service:SendRequest:227 - SendRequest(User='admin', ReqType='SendRegistration'): Authenticating...
2025-05-23 23:11:33,611 - services.soap_service - DEBUG - soap_service:SendRequest:232 - SendRequest(User='admin', ReqType='SendRegistration'): Decrypting payload...
2025-05-23 23:11:33,613 - services.soap_service - DEBUG - soap_service:SendRequest:238 - SendRequest(User='admin', ReqType='SendRegistration'): Parsing XML...
2025-05-23 23:11:33,613 - services.soap_service - INFO - soap_service:_call_handler_method:100 - [Handler:SendRegistration] Starting processing.
2025-05-23 23:11:33,616 - services.soap_service - DEBUG - soap_service:_handle_send_registration:117 - [SendRegistration] Input data parsed: {
  "Partner": "Iute Credit Macedonia DOOEL Skopje",
  "GACID": "PPIMK0000001/25",
  "CertificateID": "PPIMK0000001/25",
  "Insured": {
    "PartnerReferenceID": "#REFID_TESTCLIENT",
    "PersonType": "1",
    "VATNumber": null,
    "Title": "Dr.",
    "LastName": "TesterClient",
    "FirstName": "John",
    "Country": "HU",
    "ZIP": "1062",
    "State": "Pest",
    "City": "BUDAPEST",
    "Street": "Test Utca 123",
    "BirthPlace": "BUDAPEST",
    "BirthDateDMY": "01-01-1980",
    "Gender": "Male",
    "Phone": "+3612345678",
    "Email": "john.tester.client@example.com"
  },
  "Policy": {
    "Cover": "Sigurimi i Mbrojtjes se Kredise +",
    "ValidFrom": "01-06-2025",
    "ValidTo": "01.06.2027",
    "ValidToSMO": "01-06-2026",
    "CurrencyCode": "MKD",
    "SumInsured": "100000.00",
    "SumInsuredEUR": "1625.18",
    "Premium": "4800.00",
    "AdditionalPremium": "333.29",
    "GrossPremium": "5133.29"
  }
}
2025-05-23 23:11:34,241 - db.database - INFO - database:connect_informix:76 - Successfully connected to Informix DB.
2025-05-23 23:11:34,242 - services.soap_service - INFO - soap_service:_call_handler_method:105 - [Handler:SendRegistration] Processed successfully.
2025-05-23 23:11:34,242 - services.soap_service - INFO - soap_service:SendRequest:286 - SendRequest(User='admin', ReqType='SendRegistration'): Completed with status 1
2025-05-23 23:11:34,255 - spyne - DEBUG - context:close:406 - gc.collect() took around 10ms.
2025-05-23 23:16:21,820 - root - INFO - logger:setup_logging:63 - Root logging configured. Level: DEBUG. Output to console. Output to file: logs/server_app.log.
2025-05-23 23:16:21,820 - __main__ - INFO - app:create_soap_application:34 - Creating Spyne SOAP application.
2025-05-23 23:16:21,820 - spyne.application - INFO - application:__init__:118 - Initializing application {insurance.services}Application...
2025-05-23 23:16:21,820 - spyne.interface._base - DEBUG - _base:populate_interface:332 - populating services.soap_service.InsuranceSoapService types...
2025-05-23 23:16:21,820 - spyne.interface._base - DEBUG - _base:populate_interface:352 -   enumerating classes for method 'SendRequest'
2025-05-23 23:16:21,821 - spyne.interface._base - DEBUG - _base:add_class:442 -     adding class "<class 'spyne.model.complex.SendRequest'>" for '{insurance.services}SendRequest'
2025-05-23 23:16:21,821 - spyne.interface._base - DEBUG - _base:add_class:481 -     adding SendRequest.UserName = <class 'spyne.model.primitive.string.Unicode'>
2025-05-23 23:16:21,821 - spyne.interface._base - DEBUG - _base:add_class:442 -     adding class "<class 'spyne.model.primitive.string.Unicode'>" for '{http://www.w3.org/2001/XMLSchema}string'
2025-05-23 23:16:21,821 - spyne.interface._base - DEBUG - _base:add_class:481 -     adding SendRequest.Password = <class 'spyne.model.primitive.string.Unicode'>
2025-05-23 23:16:21,821 - spyne.interface._base - DEBUG - _base:add_class:481 -     adding SendRequest.RequestType = <class 'spyne.model.primitive.string.Unicode'>
2025-05-23 23:16:21,821 - spyne.interface._base - DEBUG - _base:add_class:481 -     adding SendRequest.XMLData = <class 'spyne.model.primitive.string.Unicode'>
2025-05-23 23:16:21,821 - spyne.interface._base - DEBUG - _base:add_class:442 -     adding class "<class 'spyne.model.complex.SendRequestResponse'>" for '{insurance.services}SendRequestResponse'
2025-05-23 23:16:21,821 - spyne.interface._base - DEBUG - _base:add_class:481 -     adding SendRequestResponse.SendRequestResult = <class 'models.soap_responses.SendRequestOutput'>
2025-05-23 23:16:21,821 - spyne.interface._base - DEBUG - _base:add_class:442 -     adding class "<class 'models.soap_responses.SendRequestOutput'>" for '{models.soap_responses}SendRequestOutput'
2025-05-23 23:16:21,821 - spyne.interface._base - DEBUG - _base:add_class:494 -     importing 'models.soap_responses' to 'insurance.services' for SendRequestResponse.SendRequestResult(<class 'models.soap_responses.SendRequestOutput'>)
2025-05-23 23:16:21,821 - spyne.interface._base - DEBUG - _base:populate_interface:364 - populating 'services.soap_service.InsuranceSoapService' routes...
2025-05-23 23:16:21,821 - spyne.interface._base - DEBUG - _base:process_method:289 -   adding method InsuranceSoapService.SendRequest to match '{insurance.services}SendRequest' tag.
2025-05-23 23:16:21,822 - spyne.interface._base - DEBUG - _base:populate_interface:396 - From this point on, you're not supposed to make any changes to the class and method structure of the exposed services.
2025-05-23 23:16:21,823 - spyne.interface.xml_schema - DEBUG - _base:build_validation_schema:211 - generating schema for targetNamespace='insurance.services', prefix: 'tns' in dir 'C:\\Users\\SUPPOR~1\\AppData\\Local\\Temp\\spynedd421x79'
2025-05-23 23:16:21,824 - spyne.interface.xml_schema - DEBUG - _base:build_validation_schema:221 - writing 'C:\\Users\\SUPPOR~1\\AppData\\Local\\Temp\\spynedd421x79\\tns.xsd' for ns insurance.services
2025-05-23 23:16:21,825 - spyne.interface.xml_schema - DEBUG - _base:build_validation_schema:221 - writing 'C:\\Users\\SUPPOR~1\\AppData\\Local\\Temp\\spynedd421x79\\s0.xsd' for ns models.soap_responses
2025-05-23 23:16:21,874 - spyne.interface.xml_schema - DEBUG - _base:build_validation_schema:237 - Schema built. Removed 'C:\\Users\\SUPPOR~1\\AppData\\Local\\Temp\\spynedd421x79'
2025-05-23 23:16:21,911 - spyne.util.appreg - DEBUG - appreg:register_application:84 - Registering <spyne.application.Application object at 0x00000279C61EFFD0> as ('insurance.services', 'Application')
2025-05-23 23:16:21,912 - __main__ - INFO - app:create_soap_application:41 - Spyne application created.
2025-05-23 23:16:21,922 - __main__ - INFO - app:run_server:84 - Attempting to configure SSL.
2025-05-23 23:16:21,923 - __main__ - INFO - app:validate_ssl_files:51 - Validating SSL certificate: C:\soap-web-services\server\ssl\cert.pem and key: C:\soap-web-services\server\ssl\key.pem
2025-05-23 23:16:21,945 - __main__ - INFO - app:validate_ssl_files:56 - SSL certificate and key validated successfully.
2025-05-23 23:16:21,950 - __main__ - INFO - app:run_server:102 - 🔐 SSL enabled successfully using:
2025-05-23 23:16:21,950 - __main__ - INFO - app:run_server:103 -     Certificate: C:\soap-web-services\server\ssl\cert.pem
2025-05-23 23:16:21,950 - __main__ - INFO - app:run_server:104 -     Private Key: C:\soap-web-services\server\ssl\key.pem
2025-05-23 23:16:21,950 - __main__ - INFO - app:run_server:118 - 
🌍 Starting SOAP server at https://localhost:8000
2025-05-23 23:16:21,950 - __main__ - INFO - app:run_server:119 -    WSDL available at: https://localhost:8000/?wsdl
2025-05-23 23:16:21,951 - __main__ - INFO - app:run_server:120 - ⚙️  System mode: TEST
2025-05-23 23:16:21,951 - __main__ - INFO - app:run_server:121 - 🛑 Press Ctrl+C to stop

2025-05-23 23:16:31,329 - spyne.server.wsgi - DEBUG - wsgi:_get_http_headers:155 - Add http header 'host' = ['localhost:8000']
2025-05-23 23:16:31,329 - spyne.server.wsgi - DEBUG - wsgi:_get_http_headers:155 - Add http header 'user_agent' = ['Zeep/4.3.1 (www.python-zeep.org)']
2025-05-23 23:16:31,329 - spyne.server.wsgi - DEBUG - wsgi:_get_http_headers:155 - Add http header 'accept_encoding' = ['gzip, deflate']
2025-05-23 23:16:31,329 - spyne.server.wsgi - DEBUG - wsgi:_get_http_headers:155 - Add http header 'accept' = ['*/*']
2025-05-23 23:16:31,329 - spyne.server.wsgi - DEBUG - wsgi:_get_http_headers:155 - Add http header 'connection' = ['keep-alive']
2025-05-23 23:16:31,340 - spyne - DEBUG - context:close:406 - gc.collect() took around 10ms.
2025-05-23 23:16:33,452 - spyne.server.wsgi - DEBUG - wsgi:_get_http_headers:155 - Add http header 'host' = ['localhost:8000']
2025-05-23 23:16:33,452 - spyne.server.wsgi - DEBUG - wsgi:_get_http_headers:155 - Add http header 'user_agent' = ['Zeep/4.3.1 (www.python-zeep.org)']
2025-05-23 23:16:33,452 - spyne.server.wsgi - DEBUG - wsgi:_get_http_headers:155 - Add http header 'accept_encoding' = ['gzip, deflate']
2025-05-23 23:16:33,452 - spyne.server.wsgi - DEBUG - wsgi:_get_http_headers:155 - Add http header 'accept' = ['*/*']
2025-05-23 23:16:33,453 - spyne.server.wsgi - DEBUG - wsgi:_get_http_headers:155 - Add http header 'connection' = ['keep-alive']
2025-05-23 23:16:33,453 - spyne.server.wsgi - DEBUG - wsgi:_get_http_headers:155 - Add http header 'soapaction' = ['"SendRequest"']
2025-05-23 23:16:33,453 - services.soap_service - INFO - soap_service:__init__:37 - DataSecurity initialized successfully in InsuranceSoapService instance (id: 2722038303952).
2025-05-23 23:16:33,454 - services.soap_service - DEBUG - soap_service:SendRequest:223 - SendRequest called. Service instance id: 2722038303952
2025-05-23 23:16:33,454 - services.soap_service - INFO - soap_service:SendRequest:225 - SendRequest(User='admin', ReqType='SendRegistration'): Received request
2025-05-23 23:16:33,454 - services.soap_service - DEBUG - soap_service:SendRequest:233 - SendRequest(User='admin', ReqType='SendRegistration'): Authenticating...
2025-05-23 23:16:33,454 - services.soap_service - DEBUG - soap_service:SendRequest:238 - SendRequest(User='admin', ReqType='SendRegistration'): Decrypting payload...
2025-05-23 23:16:33,455 - services.soap_service - DEBUG - soap_service:SendRequest:244 - SendRequest(User='admin', ReqType='SendRegistration'): Parsing XML...
2025-05-23 23:16:33,456 - services.soap_service - INFO - soap_service:_call_handler_method:100 - [Handler:SendRegistration] Starting processing.
2025-05-23 23:16:33,458 - services.soap_service - DEBUG - soap_service:_handle_send_registration:117 - [SendRegistration] Input data parsed: {
  "Partner": "Iute Credit Macedonia DOOEL Skopje",
  "GACID": "PPIMK0000001/25",
  "CertificateID": "PPIMK0000001/25",
  "Insured": {
    "PartnerReferenceID": "#REFID_TESTCLIENT",
    "PersonType": "1",
    "VATNumber": null,
    "Title": "Dr.",
    "LastName": "TesterClient",
    "FirstName": "John",
    "Country": "HU",
    "ZIP": "1062",
    "State": "Pest",
    "City": "BUDAPEST",
    "Street": "Test Utca 123",
    "BirthPlace": "BUDAPEST",
    "BirthDateDMY": "01-01-1980",
    "Gender": "Male",
    "Phone": "+3612345678",
    "Email": "john.tester.client@example.com"
  },
  "Policy": {
    "Cover": "Sigurimi i Mbrojtjes se Kredise +",
    "ValidFrom": "01-06-2025",
    "ValidTo": "01.06.2027",
    "ValidToSMO": "01-06-2026",
    "CurrencyCode": "MKD",
    "SumInsured": "100000.00",
    "SumInsuredEUR": "1625.18",
    "Premium": "4800.00",
    "AdditionalPremium": "333.29",
    "GrossPremium": "5133.29"
  }
}
2025-05-23 23:16:34,207 - db.database - INFO - database:connect_informix:76 - Successfully connected to Informix DB.
2025-05-23 23:16:34,208 - services.soap_service - DEBUG - soap_service:_handle_send_registration:129 - [SendRegistration] Database connection established successfully.
2025-05-23 23:16:34,209 - services.soap_service - ERROR - soap_service:_call_handler_method:111 - [Handler:SendRegistration] Unexpected Exception during processing: 'NoneType' object has no attribute 'rollback'
Traceback (most recent call last):
  File "C:\soap-web-services\server\services\soap_service.py", line 130, in _handle_send_registration
    insert_polisa_sertifikati(cursor, input_data.model_dump())
TypeError: insert_polisa_sertifikati() takes 1 positional argument but 2 were given

During handling of the above exception, another exception occurred:

Traceback (most recent call last):
  File "C:\soap-web-services\server\services\soap_service.py", line 104, in _call_handler_method
    result_xml_str = actual_handler(xml_input_root)
                     ^^^^^^^^^^^^^^^^^^^^^^^^^^^^^^
  File "C:\soap-web-services\server\services\soap_service.py", line 139, in _handle_send_registration
    conn.rollback()  # Rollback on error
    ^^^^^^^^^^^^^
AttributeError: 'NoneType' object has no attribute 'rollback'
2025-05-23 23:16:34,213 - services.soap_service - ERROR - soap_service:SendRequest:265 - SendRequest(User='admin', ReqType='SendRegistration'): Processing error: AttributeError - 'NoneType' object has no attribute 'rollback'
Traceback (most recent call last):
  File "C:\soap-web-services\server\services\soap_service.py", line 130, in _handle_send_registration
    insert_polisa_sertifikati(cursor, input_data.model_dump())
TypeError: insert_polisa_sertifikati() takes 1 positional argument but 2 were given

During handling of the above exception, another exception occurred:

Traceback (most recent call last):
  File "C:\soap-web-services\server\services\soap_service.py", line 262, in SendRequest
    output_xml_payload = service._call_handler_method(handler_name, xml_root, RequestType)
                         ^^^^^^^^^^^^^^^^^^^^^^^^^^^^^^^^^^^^^^^^^^^^^^^^^^^^^^^^^^^^^^^^^
  File "C:\soap-web-services\server\services\soap_service.py", line 104, in _call_handler_method
    result_xml_str = actual_handler(xml_input_root)
                     ^^^^^^^^^^^^^^^^^^^^^^^^^^^^^^
  File "C:\soap-web-services\server\services\soap_service.py", line 139, in _handle_send_registration
    conn.rollback()  # Rollback on error
    ^^^^^^^^^^^^^
AttributeError: 'NoneType' object has no attribute 'rollback'
2025-05-23 23:16:34,217 - services.soap_service - DEBUG - soap_service:_get_pdf_compliant_error_message:75 - [SendRequest(User='admin', ReqType='SendRegistration')] Mapping exception: AttributeError - ''NoneType' object has no attribute 'rollback''
Traceback (most recent call last):
  File "C:\soap-web-services\server\services\soap_service.py", line 130, in _handle_send_registration
    insert_polisa_sertifikati(cursor, input_data.model_dump())
TypeError: insert_polisa_sertifikati() takes 1 positional argument but 2 were given

During handling of the above exception, another exception occurred:

Traceback (most recent call last):
  File "C:\soap-web-services\server\services\soap_service.py", line 262, in SendRequest
    output_xml_payload = service._call_handler_method(handler_name, xml_root, RequestType)
                         ^^^^^^^^^^^^^^^^^^^^^^^^^^^^^^^^^^^^^^^^^^^^^^^^^^^^^^^^^^^^^^^^^
  File "C:\soap-web-services\server\services\soap_service.py", line 104, in _call_handler_method
    result_xml_str = actual_handler(xml_input_root)
                     ^^^^^^^^^^^^^^^^^^^^^^^^^^^^^^
  File "C:\soap-web-services\server\services\soap_service.py", line 139, in _handle_send_registration
    conn.rollback()  # Rollback on error
    ^^^^^^^^^^^^^
AttributeError: 'NoneType' object has no attribute 'rollback'
2025-05-23 23:16:34,220 - services.soap_service - ERROR - soap_service:_get_pdf_compliant_error_message:94 - [SendRequest(User='admin', ReqType='SendRegistration')] Unhandled exception type, mapping to 'Inner exception': AttributeError - 'NoneType' object has no attribute 'rollback'
Traceback (most recent call last):
  File "C:\soap-web-services\server\services\soap_service.py", line 130, in _handle_send_registration
    insert_polisa_sertifikati(cursor, input_data.model_dump())
TypeError: insert_polisa_sertifikati() takes 1 positional argument but 2 were given

During handling of the above exception, another exception occurred:

Traceback (most recent call last):
  File "C:\soap-web-services\server\services\soap_service.py", line 262, in SendRequest
    output_xml_payload = service._call_handler_method(handler_name, xml_root, RequestType)
                         ^^^^^^^^^^^^^^^^^^^^^^^^^^^^^^^^^^^^^^^^^^^^^^^^^^^^^^^^^^^^^^^^^
  File "C:\soap-web-services\server\services\soap_service.py", line 104, in _call_handler_method
    result_xml_str = actual_handler(xml_input_root)
                     ^^^^^^^^^^^^^^^^^^^^^^^^^^^^^^
  File "C:\soap-web-services\server\services\soap_service.py", line 139, in _handle_send_registration
    conn.rollback()  # Rollback on error
    ^^^^^^^^^^^^^
AttributeError: 'NoneType' object has no attribute 'rollback'
2025-05-23 23:16:34,224 - services.soap_service - DEBUG - soap_service:_create_error_payload_xml_str:65 - Created error XML payload: <?xml version='1.0' encoding='utf-8'?>
<root><Error>Inner exception</Error></root>
2025-05-23 23:16:34,229 - services.soap_service - INFO - soap_service:SendRequest:292 - SendRequest(User='admin', ReqType='SendRegistration'): Completed with status 0
2025-05-23 23:16:34,258 - spyne - DEBUG - context:close:406 - gc.collect() took around 30ms.
2025-05-23 23:17:08,202 - root - INFO - logger:setup_logging:63 - Root logging configured. Level: DEBUG. Output to console. Output to file: logs/server_app.log.
2025-05-23 23:17:08,203 - __main__ - INFO - app:create_soap_application:34 - Creating Spyne SOAP application.
2025-05-23 23:17:08,203 - spyne.application - INFO - application:__init__:118 - Initializing application {insurance.services}Application...
2025-05-23 23:17:08,203 - spyne.interface._base - DEBUG - _base:populate_interface:332 - populating services.soap_service.InsuranceSoapService types...
2025-05-23 23:17:08,203 - spyne.interface._base - DEBUG - _base:populate_interface:352 -   enumerating classes for method 'SendRequest'
2025-05-23 23:17:08,203 - spyne.interface._base - DEBUG - _base:add_class:442 -     adding class "<class 'spyne.model.complex.SendRequest'>" for '{insurance.services}SendRequest'
2025-05-23 23:17:08,203 - spyne.interface._base - DEBUG - _base:add_class:481 -     adding SendRequest.UserName = <class 'spyne.model.primitive.string.Unicode'>
2025-05-23 23:17:08,204 - spyne.interface._base - DEBUG - _base:add_class:442 -     adding class "<class 'spyne.model.primitive.string.Unicode'>" for '{http://www.w3.org/2001/XMLSchema}string'
2025-05-23 23:17:08,204 - spyne.interface._base - DEBUG - _base:add_class:481 -     adding SendRequest.Password = <class 'spyne.model.primitive.string.Unicode'>
2025-05-23 23:17:08,204 - spyne.interface._base - DEBUG - _base:add_class:481 -     adding SendRequest.RequestType = <class 'spyne.model.primitive.string.Unicode'>
2025-05-23 23:17:08,204 - spyne.interface._base - DEBUG - _base:add_class:481 -     adding SendRequest.XMLData = <class 'spyne.model.primitive.string.Unicode'>
2025-05-23 23:17:08,204 - spyne.interface._base - DEBUG - _base:add_class:442 -     adding class "<class 'spyne.model.complex.SendRequestResponse'>" for '{insurance.services}SendRequestResponse'
2025-05-23 23:17:08,204 - spyne.interface._base - DEBUG - _base:add_class:481 -     adding SendRequestResponse.SendRequestResult = <class 'models.soap_responses.SendRequestOutput'>
2025-05-23 23:17:08,204 - spyne.interface._base - DEBUG - _base:add_class:442 -     adding class "<class 'models.soap_responses.SendRequestOutput'>" for '{models.soap_responses}SendRequestOutput'
2025-05-23 23:17:08,204 - spyne.interface._base - DEBUG - _base:add_class:494 -     importing 'models.soap_responses' to 'insurance.services' for SendRequestResponse.SendRequestResult(<class 'models.soap_responses.SendRequestOutput'>)
2025-05-23 23:17:08,204 - spyne.interface._base - DEBUG - _base:populate_interface:364 - populating 'services.soap_service.InsuranceSoapService' routes...
2025-05-23 23:17:08,204 - spyne.interface._base - DEBUG - _base:process_method:289 -   adding method InsuranceSoapService.SendRequest to match '{insurance.services}SendRequest' tag.
2025-05-23 23:17:08,204 - spyne.interface._base - DEBUG - _base:populate_interface:396 - From this point on, you're not supposed to make any changes to the class and method structure of the exposed services.
2025-05-23 23:17:08,206 - spyne.interface.xml_schema - DEBUG - _base:build_validation_schema:211 - generating schema for targetNamespace='insurance.services', prefix: 'tns' in dir 'C:\\Users\\SUPPOR~1\\AppData\\Local\\Temp\\spyneaf_cxayc'
2025-05-23 23:17:08,207 - spyne.interface.xml_schema - DEBUG - _base:build_validation_schema:221 - writing 'C:\\Users\\SUPPOR~1\\AppData\\Local\\Temp\\spyneaf_cxayc\\tns.xsd' for ns insurance.services
2025-05-23 23:17:08,208 - spyne.interface.xml_schema - DEBUG - _base:build_validation_schema:221 - writing 'C:\\Users\\SUPPOR~1\\AppData\\Local\\Temp\\spyneaf_cxayc\\s0.xsd' for ns models.soap_responses
2025-05-23 23:17:08,213 - spyne.interface.xml_schema - DEBUG - _base:build_validation_schema:237 - Schema built. Removed 'C:\\Users\\SUPPOR~1\\AppData\\Local\\Temp\\spyneaf_cxayc'
2025-05-23 23:17:08,215 - spyne.util.appreg - DEBUG - appreg:register_application:84 - Registering <spyne.application.Application object at 0x00000167618B7290> as ('insurance.services', 'Application')
2025-05-23 23:17:08,216 - __main__ - INFO - app:create_soap_application:41 - Spyne application created.
2025-05-23 23:17:08,225 - __main__ - INFO - app:run_server:84 - Attempting to configure SSL.
2025-05-23 23:17:08,226 - __main__ - INFO - app:validate_ssl_files:51 - Validating SSL certificate: C:\soap-web-services\server\ssl\cert.pem and key: C:\soap-web-services\server\ssl\key.pem
2025-05-23 23:17:08,230 - __main__ - INFO - app:validate_ssl_files:56 - SSL certificate and key validated successfully.
2025-05-23 23:17:08,233 - __main__ - INFO - app:run_server:102 - 🔐 SSL enabled successfully using:
2025-05-23 23:17:08,233 - __main__ - INFO - app:run_server:103 -     Certificate: C:\soap-web-services\server\ssl\cert.pem
2025-05-23 23:17:08,233 - __main__ - INFO - app:run_server:104 -     Private Key: C:\soap-web-services\server\ssl\key.pem
2025-05-23 23:17:08,234 - __main__ - INFO - app:run_server:118 - 
🌍 Starting SOAP server at https://localhost:8000
2025-05-23 23:17:08,235 - __main__ - INFO - app:run_server:119 -    WSDL available at: https://localhost:8000/?wsdl
2025-05-23 23:17:08,235 - __main__ - INFO - app:run_server:120 - ⚙️  System mode: TEST
2025-05-23 23:17:08,235 - __main__ - INFO - app:run_server:121 - 🛑 Press Ctrl+C to stop

2025-05-23 23:17:14,254 - spyne.server.wsgi - DEBUG - wsgi:_get_http_headers:155 - Add http header 'host' = ['localhost:8000']
2025-05-23 23:17:14,254 - spyne.server.wsgi - DEBUG - wsgi:_get_http_headers:155 - Add http header 'user_agent' = ['Zeep/4.3.1 (www.python-zeep.org)']
2025-05-23 23:17:14,255 - spyne.server.wsgi - DEBUG - wsgi:_get_http_headers:155 - Add http header 'accept_encoding' = ['gzip, deflate']
2025-05-23 23:17:14,255 - spyne.server.wsgi - DEBUG - wsgi:_get_http_headers:155 - Add http header 'accept' = ['*/*']
2025-05-23 23:17:14,255 - spyne.server.wsgi - DEBUG - wsgi:_get_http_headers:155 - Add http header 'connection' = ['keep-alive']
2025-05-23 23:17:14,268 - spyne - DEBUG - context:close:406 - gc.collect() took around 10ms.
2025-05-23 23:17:16,384 - spyne.server.wsgi - DEBUG - wsgi:_get_http_headers:155 - Add http header 'host' = ['localhost:8000']
2025-05-23 23:17:16,384 - spyne.server.wsgi - DEBUG - wsgi:_get_http_headers:155 - Add http header 'user_agent' = ['Zeep/4.3.1 (www.python-zeep.org)']
2025-05-23 23:17:16,384 - spyne.server.wsgi - DEBUG - wsgi:_get_http_headers:155 - Add http header 'accept_encoding' = ['gzip, deflate']
2025-05-23 23:17:16,385 - spyne.server.wsgi - DEBUG - wsgi:_get_http_headers:155 - Add http header 'accept' = ['*/*']
2025-05-23 23:17:16,385 - spyne.server.wsgi - DEBUG - wsgi:_get_http_headers:155 - Add http header 'connection' = ['keep-alive']
2025-05-23 23:17:16,385 - spyne.server.wsgi - DEBUG - wsgi:_get_http_headers:155 - Add http header 'soapaction' = ['"SendRequest"']
2025-05-23 23:17:16,386 - services.soap_service - INFO - soap_service:__init__:37 - DataSecurity initialized successfully in InsuranceSoapService instance (id: 1543511010832).
2025-05-23 23:17:16,386 - services.soap_service - DEBUG - soap_service:SendRequest:223 - SendRequest called. Service instance id: 1543511010832
2025-05-23 23:17:16,386 - services.soap_service - INFO - soap_service:SendRequest:225 - SendRequest(User='admin', ReqType='SendRegistration'): Received request
2025-05-23 23:17:16,386 - services.soap_service - DEBUG - soap_service:SendRequest:233 - SendRequest(User='admin', ReqType='SendRegistration'): Authenticating...
2025-05-23 23:17:16,386 - services.soap_service - DEBUG - soap_service:SendRequest:238 - SendRequest(User='admin', ReqType='SendRegistration'): Decrypting payload...
2025-05-23 23:17:16,388 - services.soap_service - DEBUG - soap_service:SendRequest:244 - SendRequest(User='admin', ReqType='SendRegistration'): Parsing XML...
2025-05-23 23:17:16,388 - services.soap_service - INFO - soap_service:_call_handler_method:100 - [Handler:SendRegistration] Starting processing.
2025-05-23 23:17:16,389 - services.soap_service - DEBUG - soap_service:_handle_send_registration:117 - [SendRegistration] Input data parsed: {
  "Partner": "Iute Credit Macedonia DOOEL Skopje",
  "GACID": "PPIMK0000001/25",
  "CertificateID": "PPIMK0000001/25",
  "Insured": {
    "PartnerReferenceID": "#REFID_TESTCLIENT",
    "PersonType": "1",
    "VATNumber": null,
    "Title": "Dr.",
    "LastName": "TesterClient",
    "FirstName": "John",
    "Country": "HU",
    "ZIP": "1062",
    "State": "Pest",
    "City": "BUDAPEST",
    "Street": "Test Utca 123",
    "BirthPlace": "BUDAPEST",
    "BirthDateDMY": "01-01-1980",
    "Gender": "Male",
    "Phone": "+3612345678",
    "Email": "john.tester.client@example.com"
  },
  "Policy": {
    "Cover": "Sigurimi i Mbrojtjes se Kredise +",
    "ValidFrom": "01-06-2025",
    "ValidTo": "01.06.2027",
    "ValidToSMO": "01-06-2026",
    "CurrencyCode": "MKD",
    "SumInsured": "100000.00",
    "SumInsuredEUR": "1625.18",
    "Premium": "4800.00",
    "AdditionalPremium": "333.29",
    "GrossPremium": "5133.29"
  }
}
2025-05-23 23:17:17,006 - db.database - INFO - database:connect_informix:76 - Successfully connected to Informix DB.
2025-05-23 23:17:17,006 - services.soap_service - DEBUG - soap_service:_handle_send_registration:129 - [SendRegistration] Database connection established successfully.
2025-05-23 23:17:17,068 - db.database - INFO - database:connect_informix:76 - Successfully connected to Informix DB.
2025-05-23 23:17:17,504 - services.soap_service - INFO - soap_service:_call_handler_method:105 - [Handler:SendRegistration] Processed successfully.
2025-05-23 23:17:17,504 - services.soap_service - INFO - soap_service:SendRequest:292 - SendRequest(User='admin', ReqType='SendRegistration'): Completed with status 1
2025-05-23 23:17:17,518 - spyne - DEBUG - context:close:406 - gc.collect() took around 10ms.
2025-05-23 23:19:58,980 - root - INFO - logger:setup_logging:63 - Root logging configured. Level: DEBUG. Output to console. Output to file: logs/server_app.log.
2025-05-23 23:19:58,980 - __main__ - INFO - app:create_soap_application:34 - Creating Spyne SOAP application.
2025-05-23 23:19:58,981 - spyne.application - INFO - application:__init__:118 - Initializing application {insurance.services}Application...
2025-05-23 23:19:58,982 - spyne.interface._base - DEBUG - _base:populate_interface:332 - populating services.soap_service.InsuranceSoapService types...
2025-05-23 23:19:58,982 - spyne.interface._base - DEBUG - _base:populate_interface:352 -   enumerating classes for method 'SendRequest'
2025-05-23 23:19:58,982 - spyne.interface._base - DEBUG - _base:add_class:442 -     adding class "<class 'spyne.model.complex.SendRequest'>" for '{insurance.services}SendRequest'
2025-05-23 23:19:58,983 - spyne.interface._base - DEBUG - _base:add_class:481 -     adding SendRequest.UserName = <class 'spyne.model.primitive.string.Unicode'>
2025-05-23 23:19:58,983 - spyne.interface._base - DEBUG - _base:add_class:442 -     adding class "<class 'spyne.model.primitive.string.Unicode'>" for '{http://www.w3.org/2001/XMLSchema}string'
2025-05-23 23:19:58,984 - spyne.interface._base - DEBUG - _base:add_class:481 -     adding SendRequest.Password = <class 'spyne.model.primitive.string.Unicode'>
2025-05-23 23:19:58,984 - spyne.interface._base - DEBUG - _base:add_class:481 -     adding SendRequest.RequestType = <class 'spyne.model.primitive.string.Unicode'>
2025-05-23 23:19:58,984 - spyne.interface._base - DEBUG - _base:add_class:481 -     adding SendRequest.XMLData = <class 'spyne.model.primitive.string.Unicode'>
2025-05-23 23:19:58,985 - spyne.interface._base - DEBUG - _base:add_class:442 -     adding class "<class 'spyne.model.complex.SendRequestResponse'>" for '{insurance.services}SendRequestResponse'
2025-05-23 23:19:58,985 - spyne.interface._base - DEBUG - _base:add_class:481 -     adding SendRequestResponse.SendRequestResult = <class 'models.soap_responses.SendRequestOutput'>
2025-05-23 23:19:58,986 - spyne.interface._base - DEBUG - _base:add_class:442 -     adding class "<class 'models.soap_responses.SendRequestOutput'>" for '{models.soap_responses}SendRequestOutput'
2025-05-23 23:19:58,986 - spyne.interface._base - DEBUG - _base:add_class:494 -     importing 'models.soap_responses' to 'insurance.services' for SendRequestResponse.SendRequestResult(<class 'models.soap_responses.SendRequestOutput'>)
2025-05-23 23:19:58,986 - spyne.interface._base - DEBUG - _base:populate_interface:364 - populating 'services.soap_service.InsuranceSoapService' routes...
2025-05-23 23:19:58,987 - spyne.interface._base - DEBUG - _base:process_method:289 -   adding method InsuranceSoapService.SendRequest to match '{insurance.services}SendRequest' tag.
2025-05-23 23:19:58,988 - spyne.interface._base - DEBUG - _base:populate_interface:396 - From this point on, you're not supposed to make any changes to the class and method structure of the exposed services.
2025-05-23 23:19:58,993 - spyne.interface.xml_schema - DEBUG - _base:build_validation_schema:211 - generating schema for targetNamespace='insurance.services', prefix: 'tns' in dir 'C:\\Users\\SUPPOR~1\\AppData\\Local\\Temp\\spynepwvzt4bs'
2025-05-23 23:19:58,994 - spyne.interface.xml_schema - DEBUG - _base:build_validation_schema:221 - writing 'C:\\Users\\SUPPOR~1\\AppData\\Local\\Temp\\spynepwvzt4bs\\tns.xsd' for ns insurance.services
2025-05-23 23:19:58,995 - spyne.interface.xml_schema - DEBUG - _base:build_validation_schema:221 - writing 'C:\\Users\\SUPPOR~1\\AppData\\Local\\Temp\\spynepwvzt4bs\\s0.xsd' for ns models.soap_responses
2025-05-23 23:19:59,005 - spyne.interface.xml_schema - DEBUG - _base:build_validation_schema:237 - Schema built. Removed 'C:\\Users\\SUPPOR~1\\AppData\\Local\\Temp\\spynepwvzt4bs'
2025-05-23 23:19:59,008 - spyne.util.appreg - DEBUG - appreg:register_application:84 - Registering <spyne.application.Application object at 0x0000028C5EB2BC90> as ('insurance.services', 'Application')
2025-05-23 23:19:59,008 - __main__ - INFO - app:create_soap_application:41 - Spyne application created.
2025-05-23 23:19:59,024 - __main__ - INFO - app:run_server:84 - Attempting to configure SSL.
2025-05-23 23:19:59,025 - __main__ - INFO - app:validate_ssl_files:51 - Validating SSL certificate: C:\soap-web-services\server\ssl\cert.pem and key: C:\soap-web-services\server\ssl\key.pem
2025-05-23 23:19:59,030 - __main__ - INFO - app:validate_ssl_files:56 - SSL certificate and key validated successfully.
2025-05-23 23:19:59,036 - __main__ - INFO - app:run_server:102 - 🔐 SSL enabled successfully using:
2025-05-23 23:19:59,037 - __main__ - INFO - app:run_server:103 -     Certificate: C:\soap-web-services\server\ssl\cert.pem
2025-05-23 23:19:59,037 - __main__ - INFO - app:run_server:104 -     Private Key: C:\soap-web-services\server\ssl\key.pem
2025-05-23 23:19:59,037 - __main__ - INFO - app:run_server:118 - 
🌍 Starting SOAP server at https://localhost:8000
2025-05-23 23:19:59,037 - __main__ - INFO - app:run_server:119 -    WSDL available at: https://localhost:8000/?wsdl
2025-05-23 23:19:59,038 - __main__ - INFO - app:run_server:120 - ⚙️  System mode: TEST
2025-05-23 23:19:59,038 - __main__ - INFO - app:run_server:121 - 🛑 Press Ctrl+C to stop

2025-05-23 23:20:05,631 - spyne.server.wsgi - DEBUG - wsgi:_get_http_headers:155 - Add http header 'host' = ['localhost:8000']
2025-05-23 23:20:05,631 - spyne.server.wsgi - DEBUG - wsgi:_get_http_headers:155 - Add http header 'user_agent' = ['Zeep/4.3.1 (www.python-zeep.org)']
2025-05-23 23:20:05,631 - spyne.server.wsgi - DEBUG - wsgi:_get_http_headers:155 - Add http header 'accept_encoding' = ['gzip, deflate']
2025-05-23 23:20:05,632 - spyne.server.wsgi - DEBUG - wsgi:_get_http_headers:155 - Add http header 'accept' = ['*/*']
2025-05-23 23:20:05,632 - spyne.server.wsgi - DEBUG - wsgi:_get_http_headers:155 - Add http header 'connection' = ['keep-alive']
2025-05-23 23:20:05,642 - spyne - DEBUG - context:close:406 - gc.collect() took around 10ms.
2025-05-23 23:20:07,752 - spyne.server.wsgi - DEBUG - wsgi:_get_http_headers:155 - Add http header 'host' = ['localhost:8000']
2025-05-23 23:20:07,752 - spyne.server.wsgi - DEBUG - wsgi:_get_http_headers:155 - Add http header 'user_agent' = ['Zeep/4.3.1 (www.python-zeep.org)']
2025-05-23 23:20:07,753 - spyne.server.wsgi - DEBUG - wsgi:_get_http_headers:155 - Add http header 'accept_encoding' = ['gzip, deflate']
2025-05-23 23:20:07,753 - spyne.server.wsgi - DEBUG - wsgi:_get_http_headers:155 - Add http header 'accept' = ['*/*']
2025-05-23 23:20:07,753 - spyne.server.wsgi - DEBUG - wsgi:_get_http_headers:155 - Add http header 'connection' = ['keep-alive']
2025-05-23 23:20:07,753 - spyne.server.wsgi - DEBUG - wsgi:_get_http_headers:155 - Add http header 'soapaction' = ['"SendRequest"']
2025-05-23 23:20:07,754 - services.soap_service - INFO - soap_service:__init__:37 - DataSecurity initialized successfully in InsuranceSoapService instance (id: 2801888849424).
2025-05-23 23:20:07,754 - services.soap_service - DEBUG - soap_service:SendRequest:223 - SendRequest called. Service instance id: 2801888849424
2025-05-23 23:20:07,754 - services.soap_service - INFO - soap_service:SendRequest:225 - SendRequest(User='admin', ReqType='SendRegistration'): Received request
2025-05-23 23:20:07,754 - services.soap_service - DEBUG - soap_service:SendRequest:233 - SendRequest(User='admin', ReqType='SendRegistration'): Authenticating...
2025-05-23 23:20:07,754 - services.soap_service - DEBUG - soap_service:SendRequest:238 - SendRequest(User='admin', ReqType='SendRegistration'): Decrypting payload...
2025-05-23 23:20:07,756 - services.soap_service - DEBUG - soap_service:SendRequest:244 - SendRequest(User='admin', ReqType='SendRegistration'): Parsing XML...
2025-05-23 23:20:07,757 - services.soap_service - INFO - soap_service:_call_handler_method:100 - [Handler:SendRegistration] Starting processing.
2025-05-23 23:20:07,758 - services.soap_service - DEBUG - soap_service:_handle_send_registration:117 - [SendRegistration] Input data parsed: {
  "Partner": "Iute Credit Macedonia DOOEL Skopje",
  "GACID": "PPIMK0000001/25",
  "CertificateID": "PPIMK0000001/25",
  "Insured": {
    "PartnerReferenceID": "#REFID_TESTCLIENT",
    "PersonType": "1",
    "VATNumber": null,
    "Title": "Dr.",
    "LastName": "TesterClient",
    "FirstName": "John",
    "Country": "HU",
    "ZIP": "1062",
    "State": "Pest",
    "City": "BUDAPEST",
    "Street": "Test Utca 123",
    "BirthPlace": "BUDAPEST",
    "BirthDateDMY": "01-01-1980",
    "Gender": "Male",
    "Phone": "+3612345678",
    "Email": "john.tester.client@example.com"
  },
  "Policy": {
    "Cover": "Sigurimi i Mbrojtjes se Kredise +",
    "ValidFrom": "01-06-2025",
    "ValidTo": "01.06.2027",
    "ValidToSMO": "01-06-2026",
    "CurrencyCode": "MKD",
    "SumInsured": "100000.00",
    "SumInsuredEUR": "1625.18",
    "Premium": "4800.00",
    "AdditionalPremium": "333.29",
    "GrossPremium": "5133.29"
  }
}
2025-05-23 23:20:08,285 - db.database - INFO - database:connect_informix:76 - Successfully connected to Informix DB.
2025-05-23 23:20:08,285 - services.soap_service - DEBUG - soap_service:_handle_send_registration:129 - [SendRegistration] Database connection established successfully.
2025-05-23 23:20:08,303 - db.database - INFO - database:connect_informix:76 - Successfully connected to Informix DB.
2025-05-23 23:20:08,707 - services.soap_service - INFO - soap_service:_call_handler_method:105 - [Handler:SendRegistration] Processed successfully.
2025-05-23 23:20:08,708 - services.soap_service - INFO - soap_service:SendRequest:292 - SendRequest(User='admin', ReqType='SendRegistration'): Completed with status 1
2025-05-23 23:20:08,722 - spyne - DEBUG - context:close:406 - gc.collect() took around 10ms.
2025-05-23 23:31:26,730 - root - INFO - logger:setup_logging:63 - Root logging configured. Level: DEBUG. Output to console. Output to file: logs/server_app.log.
2025-05-23 23:31:26,731 - __main__ - INFO - app:create_soap_application:34 - Creating Spyne SOAP application.
2025-05-23 23:31:26,731 - spyne.application - INFO - application:__init__:118 - Initializing application {insurance.services}Application...
2025-05-23 23:31:26,731 - spyne.interface._base - DEBUG - _base:populate_interface:332 - populating services.soap_service.InsuranceSoapService types...
2025-05-23 23:31:26,731 - spyne.interface._base - DEBUG - _base:populate_interface:352 -   enumerating classes for method 'SendRequest'
2025-05-23 23:31:26,731 - spyne.interface._base - DEBUG - _base:add_class:442 -     adding class "<class 'spyne.model.complex.SendRequest'>" for '{insurance.services}SendRequest'
2025-05-23 23:31:26,732 - spyne.interface._base - DEBUG - _base:add_class:481 -     adding SendRequest.UserName = <class 'spyne.model.primitive.string.Unicode'>
2025-05-23 23:31:26,732 - spyne.interface._base - DEBUG - _base:add_class:442 -     adding class "<class 'spyne.model.primitive.string.Unicode'>" for '{http://www.w3.org/2001/XMLSchema}string'
2025-05-23 23:31:26,732 - spyne.interface._base - DEBUG - _base:add_class:481 -     adding SendRequest.Password = <class 'spyne.model.primitive.string.Unicode'>
2025-05-23 23:31:26,732 - spyne.interface._base - DEBUG - _base:add_class:481 -     adding SendRequest.RequestType = <class 'spyne.model.primitive.string.Unicode'>
2025-05-23 23:31:26,732 - spyne.interface._base - DEBUG - _base:add_class:481 -     adding SendRequest.XMLData = <class 'spyne.model.primitive.string.Unicode'>
2025-05-23 23:31:26,732 - spyne.interface._base - DEBUG - _base:add_class:442 -     adding class "<class 'spyne.model.complex.SendRequestResponse'>" for '{insurance.services}SendRequestResponse'
2025-05-23 23:31:26,732 - spyne.interface._base - DEBUG - _base:add_class:481 -     adding SendRequestResponse.SendRequestResult = <class 'models.soap_responses.SendRequestOutput'>
2025-05-23 23:31:26,732 - spyne.interface._base - DEBUG - _base:add_class:442 -     adding class "<class 'models.soap_responses.SendRequestOutput'>" for '{models.soap_responses}SendRequestOutput'
2025-05-23 23:31:26,732 - spyne.interface._base - DEBUG - _base:add_class:494 -     importing 'models.soap_responses' to 'insurance.services' for SendRequestResponse.SendRequestResult(<class 'models.soap_responses.SendRequestOutput'>)
2025-05-23 23:31:26,732 - spyne.interface._base - DEBUG - _base:populate_interface:364 - populating 'services.soap_service.InsuranceSoapService' routes...
2025-05-23 23:31:26,732 - spyne.interface._base - DEBUG - _base:process_method:289 -   adding method InsuranceSoapService.SendRequest to match '{insurance.services}SendRequest' tag.
2025-05-23 23:31:26,733 - spyne.interface._base - DEBUG - _base:populate_interface:396 - From this point on, you're not supposed to make any changes to the class and method structure of the exposed services.
2025-05-23 23:31:26,734 - spyne.interface.xml_schema - DEBUG - _base:build_validation_schema:211 - generating schema for targetNamespace='insurance.services', prefix: 'tns' in dir 'C:\\Users\\SUPPOR~1\\AppData\\Local\\Temp\\spyneo1ymvehb'
2025-05-23 23:31:26,734 - spyne.interface.xml_schema - DEBUG - _base:build_validation_schema:221 - writing 'C:\\Users\\SUPPOR~1\\AppData\\Local\\Temp\\spyneo1ymvehb\\tns.xsd' for ns insurance.services
2025-05-23 23:31:26,735 - spyne.interface.xml_schema - DEBUG - _base:build_validation_schema:221 - writing 'C:\\Users\\SUPPOR~1\\AppData\\Local\\Temp\\spyneo1ymvehb\\s0.xsd' for ns models.soap_responses
2025-05-23 23:31:26,798 - spyne.interface.xml_schema - DEBUG - _base:build_validation_schema:237 - Schema built. Removed 'C:\\Users\\SUPPOR~1\\AppData\\Local\\Temp\\spyneo1ymvehb'
2025-05-23 23:31:26,836 - spyne.util.appreg - DEBUG - appreg:register_application:84 - Registering <spyne.application.Application object at 0x000001E92345FE10> as ('insurance.services', 'Application')
2025-05-23 23:31:26,836 - __main__ - INFO - app:create_soap_application:41 - Spyne application created.
2025-05-23 23:31:26,844 - __main__ - INFO - app:run_server:84 - Attempting to configure SSL.
2025-05-23 23:31:26,844 - __main__ - INFO - app:validate_ssl_files:51 - Validating SSL certificate: C:\soap-web-services\server\ssl\cert.pem and key: C:\soap-web-services\server\ssl\key.pem
2025-05-23 23:31:26,879 - __main__ - INFO - app:validate_ssl_files:56 - SSL certificate and key validated successfully.
2025-05-23 23:31:26,883 - __main__ - INFO - app:run_server:102 - 🔐 SSL enabled successfully using:
2025-05-23 23:31:26,884 - __main__ - INFO - app:run_server:103 -     Certificate: C:\soap-web-services\server\ssl\cert.pem
2025-05-23 23:31:26,884 - __main__ - INFO - app:run_server:104 -     Private Key: C:\soap-web-services\server\ssl\key.pem
2025-05-23 23:31:26,884 - __main__ - INFO - app:run_server:118 - 
🌍 Starting SOAP server at https://localhost:8000
2025-05-23 23:31:26,884 - __main__ - INFO - app:run_server:119 -    WSDL available at: https://localhost:8000/?wsdl
2025-05-23 23:31:26,884 - __main__ - INFO - app:run_server:120 - ⚙️  System mode: TEST
2025-05-23 23:31:26,884 - __main__ - INFO - app:run_server:121 - 🛑 Press Ctrl+C to stop

2025-05-23 23:31:32,404 - spyne.server.wsgi - DEBUG - wsgi:_get_http_headers:155 - Add http header 'host' = ['localhost:8000']
2025-05-23 23:31:32,404 - spyne.server.wsgi - DEBUG - wsgi:_get_http_headers:155 - Add http header 'user_agent' = ['Zeep/4.3.1 (www.python-zeep.org)']
2025-05-23 23:31:32,404 - spyne.server.wsgi - DEBUG - wsgi:_get_http_headers:155 - Add http header 'accept_encoding' = ['gzip, deflate']
2025-05-23 23:31:32,404 - spyne.server.wsgi - DEBUG - wsgi:_get_http_headers:155 - Add http header 'accept' = ['*/*']
2025-05-23 23:31:32,405 - spyne.server.wsgi - DEBUG - wsgi:_get_http_headers:155 - Add http header 'connection' = ['keep-alive']
2025-05-23 23:31:32,414 - spyne - DEBUG - context:close:406 - gc.collect() took around 10ms.
2025-05-23 23:31:34,514 - spyne.server.wsgi - DEBUG - wsgi:_get_http_headers:155 - Add http header 'host' = ['localhost:8000']
2025-05-23 23:31:34,514 - spyne.server.wsgi - DEBUG - wsgi:_get_http_headers:155 - Add http header 'user_agent' = ['Zeep/4.3.1 (www.python-zeep.org)']
2025-05-23 23:31:34,515 - spyne.server.wsgi - DEBUG - wsgi:_get_http_headers:155 - Add http header 'accept_encoding' = ['gzip, deflate']
2025-05-23 23:31:34,515 - spyne.server.wsgi - DEBUG - wsgi:_get_http_headers:155 - Add http header 'accept' = ['*/*']
2025-05-23 23:31:34,515 - spyne.server.wsgi - DEBUG - wsgi:_get_http_headers:155 - Add http header 'connection' = ['keep-alive']
2025-05-23 23:31:34,515 - spyne.server.wsgi - DEBUG - wsgi:_get_http_headers:155 - Add http header 'soapaction' = ['"SendRequest"']
2025-05-23 23:31:34,516 - services.soap_service - INFO - soap_service:__init__:37 - DataSecurity initialized successfully in InsuranceSoapService instance (id: 2100829988752).
2025-05-23 23:31:34,516 - services.soap_service - DEBUG - soap_service:SendRequest:223 - SendRequest called. Service instance id: 2100829988752
2025-05-23 23:31:34,516 - services.soap_service - INFO - soap_service:SendRequest:225 - SendRequest(User='admin', ReqType='SendRegistration'): Received request
2025-05-23 23:31:34,516 - services.soap_service - DEBUG - soap_service:SendRequest:233 - SendRequest(User='admin', ReqType='SendRegistration'): Authenticating...
2025-05-23 23:31:34,516 - services.soap_service - DEBUG - soap_service:SendRequest:238 - SendRequest(User='admin', ReqType='SendRegistration'): Decrypting payload...
2025-05-23 23:31:34,517 - services.soap_service - DEBUG - soap_service:SendRequest:244 - SendRequest(User='admin', ReqType='SendRegistration'): Parsing XML...
2025-05-23 23:31:34,518 - services.soap_service - INFO - soap_service:_call_handler_method:100 - [Handler:SendRegistration] Starting processing.
2025-05-23 23:31:34,520 - services.soap_service - DEBUG - soap_service:_handle_send_registration:117 - [SendRegistration] Input data parsed: {
  "Partner": "Iute Credit Macedonia DOOEL Skopje",
  "GACID": "PPIMK0000001/25",
  "CertificateID": "PPIMK0000001/25",
  "Insured": {
    "PartnerReferenceID": "#REFID_TESTCLIENT",
    "PersonType": "1",
    "VATNumber": null,
    "Title": "Dr.",
    "LastName": "TesterClient",
    "FirstName": "John",
    "Country": "HU",
    "ZIP": "1062",
    "State": "Pest",
    "City": "BUDAPEST",
    "Street": "Test Utca 123",
    "BirthPlace": "BUDAPEST",
    "BirthDateDMY": "01-01-1980",
    "Gender": "Male",
    "Phone": "+3612345678",
    "Email": "john.tester.client@example.com"
  },
  "Policy": {
    "Cover": "Sigurimi i Mbrojtjes se Kredise +",
    "ValidFrom": "01-06-2025",
    "ValidTo": "01.06.2027",
    "ValidToSMO": "01-06-2026",
    "CurrencyCode": "MKD",
    "SumInsured": "100000.00",
    "SumInsuredEUR": "1625.18",
    "Premium": "4800.00",
    "AdditionalPremium": "333.29",
    "GrossPremium": "5133.29"
  }
}
2025-05-23 23:31:35,209 - db.database - INFO - database:connect_informix:76 - Successfully connected to Informix DB.
2025-05-23 23:31:35,210 - services.soap_service - DEBUG - soap_service:_handle_send_registration:129 - [SendRegistration] Database connection established successfully.
2025-05-23 23:31:35,224 - db.database - INFO - database:connect_informix:76 - Successfully connected to Informix DB.
2025-05-23 23:31:35,671 - services.soap_service - INFO - soap_service:_call_handler_method:105 - [Handler:SendRegistration] Processed successfully.
2025-05-23 23:31:35,674 - services.soap_service - INFO - soap_service:SendRequest:292 - SendRequest(User='admin', ReqType='SendRegistration'): Completed with status 1
2025-05-23 23:31:35,686 - spyne - DEBUG - context:close:406 - gc.collect() took around 10ms.
2025-05-24 21:30:27,888 - root - INFO - logger:setup_logging:63 - Root logging configured. Level: DEBUG. Output to console. Output to file: logs/server_app.log.
2025-05-24 21:30:27,889 - __main__ - INFO - app:create_soap_application:34 - Creating Spyne SOAP application.
2025-05-24 21:30:27,889 - spyne.application - INFO - application:__init__:118 - Initializing application {insurance.services}Application...
2025-05-24 21:30:27,889 - spyne.interface._base - DEBUG - _base:populate_interface:332 - populating services.soap_service.InsuranceSoapService types...
2025-05-24 21:30:27,889 - spyne.interface._base - DEBUG - _base:populate_interface:352 -   enumerating classes for method 'SendRequest'
2025-05-24 21:30:27,890 - spyne.interface._base - DEBUG - _base:add_class:442 -     adding class "<class 'spyne.model.complex.SendRequest'>" for '{insurance.services}SendRequest'
2025-05-24 21:30:27,890 - spyne.interface._base - DEBUG - _base:add_class:481 -     adding SendRequest.UserName = <class 'spyne.model.primitive.string.Unicode'>
2025-05-24 21:30:27,890 - spyne.interface._base - DEBUG - _base:add_class:442 -     adding class "<class 'spyne.model.primitive.string.Unicode'>" for '{http://www.w3.org/2001/XMLSchema}string'
2025-05-24 21:30:27,890 - spyne.interface._base - DEBUG - _base:add_class:481 -     adding SendRequest.Password = <class 'spyne.model.primitive.string.Unicode'>
2025-05-24 21:30:27,890 - spyne.interface._base - DEBUG - _base:add_class:481 -     adding SendRequest.RequestType = <class 'spyne.model.primitive.string.Unicode'>
2025-05-24 21:30:27,890 - spyne.interface._base - DEBUG - _base:add_class:481 -     adding SendRequest.XMLData = <class 'spyne.model.primitive.string.Unicode'>
2025-05-24 21:30:27,890 - spyne.interface._base - DEBUG - _base:add_class:442 -     adding class "<class 'spyne.model.complex.SendRequestResponse'>" for '{insurance.services}SendRequestResponse'
2025-05-24 21:30:27,890 - spyne.interface._base - DEBUG - _base:add_class:481 -     adding SendRequestResponse.SendRequestResult = <class 'models.soap_responses.SendRequestOutput'>
2025-05-24 21:30:27,891 - spyne.interface._base - DEBUG - _base:add_class:442 -     adding class "<class 'models.soap_responses.SendRequestOutput'>" for '{models.soap_responses}SendRequestOutput'
2025-05-24 21:30:27,891 - spyne.interface._base - DEBUG - _base:add_class:494 -     importing 'models.soap_responses' to 'insurance.services' for SendRequestResponse.SendRequestResult(<class 'models.soap_responses.SendRequestOutput'>)
2025-05-24 21:30:27,891 - spyne.interface._base - DEBUG - _base:populate_interface:364 - populating 'services.soap_service.InsuranceSoapService' routes...
2025-05-24 21:30:27,891 - spyne.interface._base - DEBUG - _base:process_method:289 -   adding method InsuranceSoapService.SendRequest to match '{insurance.services}SendRequest' tag.
2025-05-24 21:30:27,891 - spyne.interface._base - DEBUG - _base:populate_interface:396 - From this point on, you're not supposed to make any changes to the class and method structure of the exposed services.
2025-05-24 21:30:27,893 - spyne.interface.xml_schema - DEBUG - _base:build_validation_schema:211 - generating schema for targetNamespace='insurance.services', prefix: 'tns' in dir 'C:\\Users\\SUPPOR~1\\AppData\\Local\\Temp\\spynesz5_qghz'
2025-05-24 21:30:27,894 - spyne.interface.xml_schema - DEBUG - _base:build_validation_schema:221 - writing 'C:\\Users\\SUPPOR~1\\AppData\\Local\\Temp\\spynesz5_qghz\\tns.xsd' for ns insurance.services
2025-05-24 21:30:27,896 - spyne.interface.xml_schema - DEBUG - _base:build_validation_schema:221 - writing 'C:\\Users\\SUPPOR~1\\AppData\\Local\\Temp\\spynesz5_qghz\\s0.xsd' for ns models.soap_responses
2025-05-24 21:30:27,960 - spyne.interface.xml_schema - DEBUG - _base:build_validation_schema:237 - Schema built. Removed 'C:\\Users\\SUPPOR~1\\AppData\\Local\\Temp\\spynesz5_qghz'
2025-05-24 21:30:28,009 - spyne.util.appreg - DEBUG - appreg:register_application:84 - Registering <spyne.application.Application object at 0x00000238C8AA7CD0> as ('insurance.services', 'Application')
2025-05-24 21:30:28,010 - __main__ - INFO - app:create_soap_application:41 - Spyne application created.
2025-05-24 21:30:28,034 - __main__ - INFO - app:run_server:84 - Attempting to configure SSL.
2025-05-24 21:30:28,035 - __main__ - INFO - app:validate_ssl_files:51 - Validating SSL certificate: C:\soap-web-services\server\ssl\cert.pem and key: C:\soap-web-services\server\ssl\key.pem
2025-05-24 21:30:28,068 - __main__ - INFO - app:validate_ssl_files:56 - SSL certificate and key validated successfully.
2025-05-24 21:30:28,070 - __main__ - INFO - app:run_server:102 - 🔐 SSL enabled successfully using:
2025-05-24 21:30:28,071 - __main__ - INFO - app:run_server:103 -     Certificate: C:\soap-web-services\server\ssl\cert.pem
2025-05-24 21:30:28,071 - __main__ - INFO - app:run_server:104 -     Private Key: C:\soap-web-services\server\ssl\key.pem
2025-05-24 21:30:28,071 - __main__ - INFO - app:run_server:118 - 
🌍 Starting SOAP server at https://localhost:8000
2025-05-24 21:30:28,071 - __main__ - INFO - app:run_server:119 -    WSDL available at: https://localhost:8000/?wsdl
2025-05-24 21:30:28,071 - __main__ - INFO - app:run_server:120 - ⚙️  System mode: TEST
2025-05-24 21:30:28,071 - __main__ - INFO - app:run_server:121 - 🛑 Press Ctrl+C to stop

2025-05-24 21:31:20,542 - spyne.server.wsgi - DEBUG - wsgi:_get_http_headers:155 - Add http header 'host' = ['localhost:8000']
2025-05-24 21:31:20,542 - spyne.server.wsgi - DEBUG - wsgi:_get_http_headers:155 - Add http header 'user_agent' = ['Zeep/4.3.1 (www.python-zeep.org)']
2025-05-24 21:31:20,542 - spyne.server.wsgi - DEBUG - wsgi:_get_http_headers:155 - Add http header 'accept_encoding' = ['gzip, deflate']
2025-05-24 21:31:20,542 - spyne.server.wsgi - DEBUG - wsgi:_get_http_headers:155 - Add http header 'accept' = ['*/*']
2025-05-24 21:31:20,542 - spyne.server.wsgi - DEBUG - wsgi:_get_http_headers:155 - Add http header 'connection' = ['keep-alive']
2025-05-24 21:31:20,552 - spyne - DEBUG - context:close:406 - gc.collect() took around 10ms.
2025-05-24 21:31:22,675 - spyne.server.wsgi - DEBUG - wsgi:_get_http_headers:155 - Add http header 'host' = ['localhost:8000']
2025-05-24 21:31:22,675 - spyne.server.wsgi - DEBUG - wsgi:_get_http_headers:155 - Add http header 'user_agent' = ['Zeep/4.3.1 (www.python-zeep.org)']
2025-05-24 21:31:22,676 - spyne.server.wsgi - DEBUG - wsgi:_get_http_headers:155 - Add http header 'accept_encoding' = ['gzip, deflate']
2025-05-24 21:31:22,676 - spyne.server.wsgi - DEBUG - wsgi:_get_http_headers:155 - Add http header 'accept' = ['*/*']
2025-05-24 21:31:22,676 - spyne.server.wsgi - DEBUG - wsgi:_get_http_headers:155 - Add http header 'connection' = ['keep-alive']
2025-05-24 21:31:22,676 - spyne.server.wsgi - DEBUG - wsgi:_get_http_headers:155 - Add http header 'soapaction' = ['"SendRequest"']
2025-05-24 21:31:22,677 - services.soap_service - INFO - soap_service:__init__:37 - DataSecurity initialized successfully in InsuranceSoapService instance (id: 2442889260560).
2025-05-24 21:31:22,677 - services.soap_service - DEBUG - soap_service:SendRequest:223 - SendRequest called. Service instance id: 2442889260560
2025-05-24 21:31:22,677 - services.soap_service - INFO - soap_service:SendRequest:225 - SendRequest(User='admin', ReqType='SendClaim'): Received request
2025-05-24 21:31:22,677 - services.soap_service - DEBUG - soap_service:SendRequest:233 - SendRequest(User='admin', ReqType='SendClaim'): Authenticating...
2025-05-24 21:31:22,677 - services.soap_service - DEBUG - soap_service:SendRequest:238 - SendRequest(User='admin', ReqType='SendClaim'): Decrypting payload...
2025-05-24 21:31:22,678 - services.soap_service - DEBUG - soap_service:SendRequest:244 - SendRequest(User='admin', ReqType='SendClaim'): Parsing XML...
2025-05-24 21:31:22,678 - services.soap_service - INFO - soap_service:_call_handler_method:100 - [Handler:SendClaim] Starting processing.
2025-05-24 21:31:22,682 - models.base_model - ERROR - base_model:from_xml_element:153 - Pydantic validation error creating ReportClaimInput from XML element <ReportClaim>: 1 validation error for ReportClaimInput
PDFs
  Input should be a valid list [type=list_type, input_value='\n      ', input_type=str]
    For further information visit https://errors.pydantic.dev/2.11/v/list_type. Processed data: {'ClaimRegistrationCreated': '2025-02-07T14:26:00+01:00', 'CurrencyCode': 'MKD', 'ClaimDate': '2025-02-01T00:00:00+01:00', 'Type': 'DEATH_ACC', 'ClaimDescription': 'Test claim description', 'ClaimPlace_CountryCode': 'HU', 'ClaimPlace_Address': 'Test Address 123', 'Beneficiary_Individual': 'INDIVIDUAL', 'Beneficiary_LastName': 'Beneficiary', 'Beneficiary_FirstName': 'Test', 'Beneficiary_CountryCode': 'HU', 'Beneficiary_Zip': '1062', 'Beneficiary_City': 'BUDAPEST', 'Beneficiary_Address': 'Test Address 123', 'Beneficiary_Street': 'Test Street', 'Beneficiary_PhoneNumber1': '+3612345678', 'Beneficiary_Email': 'beneficiary@example.com', 'PDFs': '\n      '}
Traceback (most recent call last):
  File "C:\soap-web-services\server\models\base_model.py", line 149, in from_xml_element
    instance = cls(**data)
               ^^^^^^^^^^^
  File "C:\soap-web-services\.venv\Lib\site-packages\pydantic\main.py", line 253, in __init__
    validated_self = self.__pydantic_validator__.validate_python(data, self_instance=self)
                     ^^^^^^^^^^^^^^^^^^^^^^^^^^^^^^^^^^^^^^^^^^^^^^^^^^^^^^^^^^^^^^^^^^^^^
pydantic_core._pydantic_core.ValidationError: 1 validation error for ReportClaimInput
PDFs
  Input should be a valid list [type=list_type, input_value='\n      ', input_type=str]
    For further information visit https://errors.pydantic.dev/2.11/v/list_type
2025-05-24 21:31:22,714 - models.base_model - ERROR - base_model:from_xml_element:125 - Error parsing nested model <ReportClaim> for SendClaimInputData.ReportClaim: Pydantic validation error for ReportClaimInput (XML: <ReportClaim>): 1 validation error for ReportClaimInput
PDFs
  Input should be a valid list [type=list_type, input_value='\n      ', input_type=str]
    For further information visit https://errors.pydantic.dev/2.11/v/list_type
2025-05-24 21:31:22,714 - services.soap_service - ERROR - soap_service:_call_handler_method:108 - [Handler:SendClaim] ValueError during processing: Error in nested model <ReportClaim> for ReportClaim: Pydantic validation error for ReportClaimInput (XML: <ReportClaim>): 1 validation error for ReportClaimInput
PDFs
  Input should be a valid list [type=list_type, input_value='\n      ', input_type=str]
    For further information visit https://errors.pydantic.dev/2.11/v/list_type
Traceback (most recent call last):
  File "C:\soap-web-services\server\models\base_model.py", line 149, in from_xml_element
    instance = cls(**data)
               ^^^^^^^^^^^
  File "C:\soap-web-services\.venv\Lib\site-packages\pydantic\main.py", line 253, in __init__
    validated_self = self.__pydantic_validator__.validate_python(data, self_instance=self)
                     ^^^^^^^^^^^^^^^^^^^^^^^^^^^^^^^^^^^^^^^^^^^^^^^^^^^^^^^^^^^^^^^^^^^^^
pydantic_core._pydantic_core.ValidationError: 1 validation error for ReportClaimInput
PDFs
  Input should be a valid list [type=list_type, input_value='\n      ', input_type=str]
    For further information visit https://errors.pydantic.dev/2.11/v/list_type

The above exception was the direct cause of the following exception:

Traceback (most recent call last):
  File "C:\soap-web-services\server\models\base_model.py", line 122, in from_xml_element
    data[field_py_name] = field_type_actual.from_xml_element(el)
                          ^^^^^^^^^^^^^^^^^^^^^^^^^^^^^^^^^^^^^^
  File "C:\soap-web-services\server\models\base_model.py", line 154, in from_xml_element
    raise ValueError(f"Pydantic validation error for {class_name} (XML: <{xml_element.tag}>): {e_pydantic}") from e_pydantic
ValueError: Pydantic validation error for ReportClaimInput (XML: <ReportClaim>): 1 validation error for ReportClaimInput
PDFs
  Input should be a valid list [type=list_type, input_value='\n      ', input_type=str]
    For further information visit https://errors.pydantic.dev/2.11/v/list_type

The above exception was the direct cause of the following exception:

Traceback (most recent call last):
  File "C:\soap-web-services\server\services\soap_service.py", line 104, in _call_handler_method
    result_xml_str = actual_handler(xml_input_root)
                     ^^^^^^^^^^^^^^^^^^^^^^^^^^^^^^
  File "C:\soap-web-services\server\services\soap_service.py", line 194, in _handle_send_claim
    input_data = SendClaimInputData.from_xml_element(xml_input_root)
                 ^^^^^^^^^^^^^^^^^^^^^^^^^^^^^^^^^^^^^^^^^^^^^^^^^^^
  File "C:\soap-web-services\server\models\base_model.py", line 126, in from_xml_element
    raise ValueError(f"Error in nested model <{xml_tag_name}> for {field_py_name}: {e_nested}") from e_nested
ValueError: Error in nested model <ReportClaim> for ReportClaim: Pydantic validation error for ReportClaimInput (XML: <ReportClaim>): 1 validation error for ReportClaimInput
PDFs
  Input should be a valid list [type=list_type, input_value='\n      ', input_type=str]
    For further information visit https://errors.pydantic.dev/2.11/v/list_type
2025-05-24 21:31:22,727 - services.soap_service - ERROR - soap_service:SendRequest:265 - SendRequest(User='admin', ReqType='SendClaim'): Processing error: ValueError - Error in nested model <ReportClaim> for ReportClaim: Pydantic validation error for ReportClaimInput (XML: <ReportClaim>): 1 validation error for ReportClaimInput
PDFs
  Input should be a valid list [type=list_type, input_value='\n      ', input_type=str]
    For further information visit https://errors.pydantic.dev/2.11/v/list_type
Traceback (most recent call last):
  File "C:\soap-web-services\server\models\base_model.py", line 149, in from_xml_element
    instance = cls(**data)
               ^^^^^^^^^^^
  File "C:\soap-web-services\.venv\Lib\site-packages\pydantic\main.py", line 253, in __init__
    validated_self = self.__pydantic_validator__.validate_python(data, self_instance=self)
                     ^^^^^^^^^^^^^^^^^^^^^^^^^^^^^^^^^^^^^^^^^^^^^^^^^^^^^^^^^^^^^^^^^^^^^
pydantic_core._pydantic_core.ValidationError: 1 validation error for ReportClaimInput
PDFs
  Input should be a valid list [type=list_type, input_value='\n      ', input_type=str]
    For further information visit https://errors.pydantic.dev/2.11/v/list_type

The above exception was the direct cause of the following exception:

Traceback (most recent call last):
  File "C:\soap-web-services\server\models\base_model.py", line 122, in from_xml_element
    data[field_py_name] = field_type_actual.from_xml_element(el)
                          ^^^^^^^^^^^^^^^^^^^^^^^^^^^^^^^^^^^^^^
  File "C:\soap-web-services\server\models\base_model.py", line 154, in from_xml_element
    raise ValueError(f"Pydantic validation error for {class_name} (XML: <{xml_element.tag}>): {e_pydantic}") from e_pydantic
ValueError: Pydantic validation error for ReportClaimInput (XML: <ReportClaim>): 1 validation error for ReportClaimInput
PDFs
  Input should be a valid list [type=list_type, input_value='\n      ', input_type=str]
    For further information visit https://errors.pydantic.dev/2.11/v/list_type

The above exception was the direct cause of the following exception:

Traceback (most recent call last):
  File "C:\soap-web-services\server\services\soap_service.py", line 262, in SendRequest
    output_xml_payload = service._call_handler_method(handler_name, xml_root, RequestType)
                         ^^^^^^^^^^^^^^^^^^^^^^^^^^^^^^^^^^^^^^^^^^^^^^^^^^^^^^^^^^^^^^^^^
  File "C:\soap-web-services\server\services\soap_service.py", line 104, in _call_handler_method
    result_xml_str = actual_handler(xml_input_root)
                     ^^^^^^^^^^^^^^^^^^^^^^^^^^^^^^
  File "C:\soap-web-services\server\services\soap_service.py", line 194, in _handle_send_claim
    input_data = SendClaimInputData.from_xml_element(xml_input_root)
                 ^^^^^^^^^^^^^^^^^^^^^^^^^^^^^^^^^^^^^^^^^^^^^^^^^^^
  File "C:\soap-web-services\server\models\base_model.py", line 126, in from_xml_element
    raise ValueError(f"Error in nested model <{xml_tag_name}> for {field_py_name}: {e_nested}") from e_nested
ValueError: Error in nested model <ReportClaim> for ReportClaim: Pydantic validation error for ReportClaimInput (XML: <ReportClaim>): 1 validation error for ReportClaimInput
PDFs
  Input should be a valid list [type=list_type, input_value='\n      ', input_type=str]
    For further information visit https://errors.pydantic.dev/2.11/v/list_type
2025-05-24 21:31:22,728 - services.soap_service - DEBUG - soap_service:_get_pdf_compliant_error_message:75 - [SendRequest(User='admin', ReqType='SendClaim')] Mapping exception: ValueError - 'Error in nested model <ReportClaim> for ReportClaim: Pydantic validation error for ReportClaimInput (XML: <ReportClaim>): 1 validation error for ReportClaimInput
PDFs
  Input should be a valid list [type=list_type, input_value='\n      ', input_type=str]
    For further information visit https://errors.pydantic.dev/2.11/v/list_type'
Traceback (most recent call last):
  File "C:\soap-web-services\server\models\base_model.py", line 149, in from_xml_element
    instance = cls(**data)
               ^^^^^^^^^^^
  File "C:\soap-web-services\.venv\Lib\site-packages\pydantic\main.py", line 253, in __init__
    validated_self = self.__pydantic_validator__.validate_python(data, self_instance=self)
                     ^^^^^^^^^^^^^^^^^^^^^^^^^^^^^^^^^^^^^^^^^^^^^^^^^^^^^^^^^^^^^^^^^^^^^
pydantic_core._pydantic_core.ValidationError: 1 validation error for ReportClaimInput
PDFs
  Input should be a valid list [type=list_type, input_value='\n      ', input_type=str]
    For further information visit https://errors.pydantic.dev/2.11/v/list_type

The above exception was the direct cause of the following exception:

Traceback (most recent call last):
  File "C:\soap-web-services\server\models\base_model.py", line 122, in from_xml_element
    data[field_py_name] = field_type_actual.from_xml_element(el)
                          ^^^^^^^^^^^^^^^^^^^^^^^^^^^^^^^^^^^^^^
  File "C:\soap-web-services\server\models\base_model.py", line 154, in from_xml_element
    raise ValueError(f"Pydantic validation error for {class_name} (XML: <{xml_element.tag}>): {e_pydantic}") from e_pydantic
ValueError: Pydantic validation error for ReportClaimInput (XML: <ReportClaim>): 1 validation error for ReportClaimInput
PDFs
  Input should be a valid list [type=list_type, input_value='\n      ', input_type=str]
    For further information visit https://errors.pydantic.dev/2.11/v/list_type

The above exception was the direct cause of the following exception:

Traceback (most recent call last):
  File "C:\soap-web-services\server\services\soap_service.py", line 262, in SendRequest
    output_xml_payload = service._call_handler_method(handler_name, xml_root, RequestType)
                         ^^^^^^^^^^^^^^^^^^^^^^^^^^^^^^^^^^^^^^^^^^^^^^^^^^^^^^^^^^^^^^^^^
  File "C:\soap-web-services\server\services\soap_service.py", line 104, in _call_handler_method
    result_xml_str = actual_handler(xml_input_root)
                     ^^^^^^^^^^^^^^^^^^^^^^^^^^^^^^
  File "C:\soap-web-services\server\services\soap_service.py", line 194, in _handle_send_claim
    input_data = SendClaimInputData.from_xml_element(xml_input_root)
                 ^^^^^^^^^^^^^^^^^^^^^^^^^^^^^^^^^^^^^^^^^^^^^^^^^^^
  File "C:\soap-web-services\server\models\base_model.py", line 126, in from_xml_element
    raise ValueError(f"Error in nested model <{xml_tag_name}> for {field_py_name}: {e_nested}") from e_nested
ValueError: Error in nested model <ReportClaim> for ReportClaim: Pydantic validation error for ReportClaimInput (XML: <ReportClaim>): 1 validation error for ReportClaimInput
PDFs
  Input should be a valid list [type=list_type, input_value='\n      ', input_type=str]
    For further information visit https://errors.pydantic.dev/2.11/v/list_type
2025-05-24 21:31:22,729 - services.soap_service - WARNING - soap_service:_get_pdf_compliant_error_message:91 - [SendRequest(User='admin', ReqType='SendClaim')] Pydantic validation failed, mapping to 'Invalid XML': Error in nested model <ReportClaim> for ReportClaim: Pydantic validation error for ReportClaimInput (XML: <ReportClaim>): 1 validation error for ReportClaimInput
PDFs
  Input should be a valid list [type=list_type, input_value='\n      ', input_type=str]
    For further information visit https://errors.pydantic.dev/2.11/v/list_type
2025-05-24 21:31:22,729 - services.soap_service - DEBUG - soap_service:_create_error_payload_xml_str:65 - Created error XML payload: <?xml version='1.0' encoding='utf-8'?>
<root><Error>Invalid XML</Error></root>
2025-05-24 21:31:22,730 - services.soap_service - INFO - soap_service:SendRequest:292 - SendRequest(User='admin', ReqType='SendClaim'): Completed with status 0
2025-05-24 21:31:22,744 - spyne - DEBUG - context:close:406 - gc.collect() took around 10ms.
2025-05-24 21:39:40,800 - spyne.server.wsgi - DEBUG - wsgi:_get_http_headers:155 - Add http header 'host' = ['localhost:8000']
2025-05-24 21:39:40,800 - spyne.server.wsgi - DEBUG - wsgi:_get_http_headers:155 - Add http header 'user_agent' = ['Zeep/4.3.1 (www.python-zeep.org)']
2025-05-24 21:39:40,800 - spyne.server.wsgi - DEBUG - wsgi:_get_http_headers:155 - Add http header 'accept_encoding' = ['gzip, deflate']
2025-05-24 21:39:40,800 - spyne.server.wsgi - DEBUG - wsgi:_get_http_headers:155 - Add http header 'accept' = ['*/*']
2025-05-24 21:39:40,800 - spyne.server.wsgi - DEBUG - wsgi:_get_http_headers:155 - Add http header 'connection' = ['keep-alive']
2025-05-24 21:39:40,811 - spyne - DEBUG - context:close:406 - gc.collect() took around 10ms.
2025-05-24 21:39:42,966 - spyne.server.wsgi - DEBUG - wsgi:_get_http_headers:155 - Add http header 'host' = ['localhost:8000']
2025-05-24 21:39:42,966 - spyne.server.wsgi - DEBUG - wsgi:_get_http_headers:155 - Add http header 'user_agent' = ['Zeep/4.3.1 (www.python-zeep.org)']
2025-05-24 21:39:42,966 - spyne.server.wsgi - DEBUG - wsgi:_get_http_headers:155 - Add http header 'accept_encoding' = ['gzip, deflate']
2025-05-24 21:39:42,966 - spyne.server.wsgi - DEBUG - wsgi:_get_http_headers:155 - Add http header 'accept' = ['*/*']
2025-05-24 21:39:42,966 - spyne.server.wsgi - DEBUG - wsgi:_get_http_headers:155 - Add http header 'connection' = ['keep-alive']
2025-05-24 21:39:42,967 - spyne.server.wsgi - DEBUG - wsgi:_get_http_headers:155 - Add http header 'soapaction' = ['"SendRequest"']
2025-05-24 21:39:42,968 - services.soap_service - INFO - soap_service:__init__:37 - DataSecurity initialized successfully in InsuranceSoapService instance (id: 2442907345296).
2025-05-24 21:39:42,968 - services.soap_service - DEBUG - soap_service:SendRequest:223 - SendRequest called. Service instance id: 2442907345296
2025-05-24 21:39:42,968 - services.soap_service - INFO - soap_service:SendRequest:225 - SendRequest(User='admin', ReqType='SendClaim'): Received request
2025-05-24 21:39:42,968 - services.soap_service - DEBUG - soap_service:SendRequest:233 - SendRequest(User='admin', ReqType='SendClaim'): Authenticating...
2025-05-24 21:39:42,968 - services.soap_service - DEBUG - soap_service:SendRequest:238 - SendRequest(User='admin', ReqType='SendClaim'): Decrypting payload...
2025-05-24 21:39:42,968 - services.soap_service - DEBUG - soap_service:SendRequest:244 - SendRequest(User='admin', ReqType='SendClaim'): Parsing XML...
2025-05-24 21:39:42,968 - services.soap_service - INFO - soap_service:_call_handler_method:100 - [Handler:SendClaim] Starting processing.
2025-05-24 21:39:42,968 - models.base_model - ERROR - base_model:from_xml_element:153 - Pydantic validation error creating ReportClaimInput from XML element <ReportClaim>: 1 validation error for ReportClaimInput
PDFs
  Input should be a valid list [type=list_type, input_value='\n      ', input_type=str]
    For further information visit https://errors.pydantic.dev/2.11/v/list_type. Processed data: {'ClaimRegistrationCreated': '2025-02-07T14:26:00+01:00', 'CurrencyCode': 'MKD', 'ClaimDate': '2025-02-01T00:00:00+01:00', 'Type': 'DEATH_ACC', 'ClaimDescription': 'Test claim description', 'ClaimPlace_CountryCode': 'HU', 'ClaimPlace_Address': 'Test Address 123', 'Beneficiary_Individual': 'INDIVIDUAL', 'Beneficiary_LastName': 'Beneficiary', 'Beneficiary_FirstName': 'Test', 'Beneficiary_CountryCode': 'HU', 'Beneficiary_Zip': '1062', 'Beneficiary_City': 'BUDAPEST', 'Beneficiary_Address': 'Test Address 123', 'Beneficiary_Street': 'Test Street', 'Beneficiary_PhoneNumber1': '+3612345678', 'Beneficiary_Email': 'beneficiary@example.com', 'PDFs': '\n      '}
Traceback (most recent call last):
  File "C:\soap-web-services\server\models\base_model.py", line 149, in from_xml_element
    instance = cls(**data)
               ^^^^^^^^^^^
  File "C:\soap-web-services\.venv\Lib\site-packages\pydantic\main.py", line 253, in __init__
    validated_self = self.__pydantic_validator__.validate_python(data, self_instance=self)
                     ^^^^^^^^^^^^^^^^^^^^^^^^^^^^^^^^^^^^^^^^^^^^^^^^^^^^^^^^^^^^^^^^^^^^^
pydantic_core._pydantic_core.ValidationError: 1 validation error for ReportClaimInput
PDFs
  Input should be a valid list [type=list_type, input_value='\n      ', input_type=str]
    For further information visit https://errors.pydantic.dev/2.11/v/list_type
2025-05-24 21:39:42,970 - models.base_model - ERROR - base_model:from_xml_element:125 - Error parsing nested model <ReportClaim> for SendClaimInputData.ReportClaim: Pydantic validation error for ReportClaimInput (XML: <ReportClaim>): 1 validation error for ReportClaimInput
PDFs
  Input should be a valid list [type=list_type, input_value='\n      ', input_type=str]
    For further information visit https://errors.pydantic.dev/2.11/v/list_type
2025-05-24 21:39:42,970 - services.soap_service - ERROR - soap_service:_call_handler_method:108 - [Handler:SendClaim] ValueError during processing: Error in nested model <ReportClaim> for ReportClaim: Pydantic validation error for ReportClaimInput (XML: <ReportClaim>): 1 validation error for ReportClaimInput
PDFs
  Input should be a valid list [type=list_type, input_value='\n      ', input_type=str]
    For further information visit https://errors.pydantic.dev/2.11/v/list_type
Traceback (most recent call last):
  File "C:\soap-web-services\server\models\base_model.py", line 149, in from_xml_element
    instance = cls(**data)
               ^^^^^^^^^^^
  File "C:\soap-web-services\.venv\Lib\site-packages\pydantic\main.py", line 253, in __init__
    validated_self = self.__pydantic_validator__.validate_python(data, self_instance=self)
                     ^^^^^^^^^^^^^^^^^^^^^^^^^^^^^^^^^^^^^^^^^^^^^^^^^^^^^^^^^^^^^^^^^^^^^
pydantic_core._pydantic_core.ValidationError: 1 validation error for ReportClaimInput
PDFs
  Input should be a valid list [type=list_type, input_value='\n      ', input_type=str]
    For further information visit https://errors.pydantic.dev/2.11/v/list_type

The above exception was the direct cause of the following exception:

Traceback (most recent call last):
  File "C:\soap-web-services\server\models\base_model.py", line 122, in from_xml_element
    data[field_py_name] = field_type_actual.from_xml_element(el)
                          ^^^^^^^^^^^^^^^^^^^^^^^^^^^^^^^^^^^^^^
  File "C:\soap-web-services\server\models\base_model.py", line 154, in from_xml_element
    raise ValueError(f"Pydantic validation error for {class_name} (XML: <{xml_element.tag}>): {e_pydantic}") from e_pydantic
ValueError: Pydantic validation error for ReportClaimInput (XML: <ReportClaim>): 1 validation error for ReportClaimInput
PDFs
  Input should be a valid list [type=list_type, input_value='\n      ', input_type=str]
    For further information visit https://errors.pydantic.dev/2.11/v/list_type

The above exception was the direct cause of the following exception:

Traceback (most recent call last):
  File "C:\soap-web-services\server\services\soap_service.py", line 104, in _call_handler_method
    result_xml_str = actual_handler(xml_input_root)
                     ^^^^^^^^^^^^^^^^^^^^^^^^^^^^^^
  File "C:\soap-web-services\server\services\soap_service.py", line 194, in _handle_send_claim
    input_data = SendClaimInputData.from_xml_element(xml_input_root)
                 ^^^^^^^^^^^^^^^^^^^^^^^^^^^^^^^^^^^^^^^^^^^^^^^^^^^
  File "C:\soap-web-services\server\models\base_model.py", line 126, in from_xml_element
    raise ValueError(f"Error in nested model <{xml_tag_name}> for {field_py_name}: {e_nested}") from e_nested
ValueError: Error in nested model <ReportClaim> for ReportClaim: Pydantic validation error for ReportClaimInput (XML: <ReportClaim>): 1 validation error for ReportClaimInput
PDFs
  Input should be a valid list [type=list_type, input_value='\n      ', input_type=str]
    For further information visit https://errors.pydantic.dev/2.11/v/list_type
2025-05-24 21:39:42,971 - services.soap_service - ERROR - soap_service:SendRequest:265 - SendRequest(User='admin', ReqType='SendClaim'): Processing error: ValueError - Error in nested model <ReportClaim> for ReportClaim: Pydantic validation error for ReportClaimInput (XML: <ReportClaim>): 1 validation error for ReportClaimInput
PDFs
  Input should be a valid list [type=list_type, input_value='\n      ', input_type=str]
    For further information visit https://errors.pydantic.dev/2.11/v/list_type
Traceback (most recent call last):
  File "C:\soap-web-services\server\models\base_model.py", line 149, in from_xml_element
    instance = cls(**data)
               ^^^^^^^^^^^
  File "C:\soap-web-services\.venv\Lib\site-packages\pydantic\main.py", line 253, in __init__
    validated_self = self.__pydantic_validator__.validate_python(data, self_instance=self)
                     ^^^^^^^^^^^^^^^^^^^^^^^^^^^^^^^^^^^^^^^^^^^^^^^^^^^^^^^^^^^^^^^^^^^^^
pydantic_core._pydantic_core.ValidationError: 1 validation error for ReportClaimInput
PDFs
  Input should be a valid list [type=list_type, input_value='\n      ', input_type=str]
    For further information visit https://errors.pydantic.dev/2.11/v/list_type

The above exception was the direct cause of the following exception:

Traceback (most recent call last):
  File "C:\soap-web-services\server\models\base_model.py", line 122, in from_xml_element
    data[field_py_name] = field_type_actual.from_xml_element(el)
                          ^^^^^^^^^^^^^^^^^^^^^^^^^^^^^^^^^^^^^^
  File "C:\soap-web-services\server\models\base_model.py", line 154, in from_xml_element
    raise ValueError(f"Pydantic validation error for {class_name} (XML: <{xml_element.tag}>): {e_pydantic}") from e_pydantic
ValueError: Pydantic validation error for ReportClaimInput (XML: <ReportClaim>): 1 validation error for ReportClaimInput
PDFs
  Input should be a valid list [type=list_type, input_value='\n      ', input_type=str]
    For further information visit https://errors.pydantic.dev/2.11/v/list_type

The above exception was the direct cause of the following exception:

Traceback (most recent call last):
  File "C:\soap-web-services\server\services\soap_service.py", line 262, in SendRequest
    output_xml_payload = service._call_handler_method(handler_name, xml_root, RequestType)
                         ^^^^^^^^^^^^^^^^^^^^^^^^^^^^^^^^^^^^^^^^^^^^^^^^^^^^^^^^^^^^^^^^^
  File "C:\soap-web-services\server\services\soap_service.py", line 104, in _call_handler_method
    result_xml_str = actual_handler(xml_input_root)
                     ^^^^^^^^^^^^^^^^^^^^^^^^^^^^^^
  File "C:\soap-web-services\server\services\soap_service.py", line 194, in _handle_send_claim
    input_data = SendClaimInputData.from_xml_element(xml_input_root)
                 ^^^^^^^^^^^^^^^^^^^^^^^^^^^^^^^^^^^^^^^^^^^^^^^^^^^
  File "C:\soap-web-services\server\models\base_model.py", line 126, in from_xml_element
    raise ValueError(f"Error in nested model <{xml_tag_name}> for {field_py_name}: {e_nested}") from e_nested
ValueError: Error in nested model <ReportClaim> for ReportClaim: Pydantic validation error for ReportClaimInput (XML: <ReportClaim>): 1 validation error for ReportClaimInput
PDFs
  Input should be a valid list [type=list_type, input_value='\n      ', input_type=str]
    For further information visit https://errors.pydantic.dev/2.11/v/list_type
2025-05-24 21:39:42,972 - services.soap_service - DEBUG - soap_service:_get_pdf_compliant_error_message:75 - [SendRequest(User='admin', ReqType='SendClaim')] Mapping exception: ValueError - 'Error in nested model <ReportClaim> for ReportClaim: Pydantic validation error for ReportClaimInput (XML: <ReportClaim>): 1 validation error for ReportClaimInput
PDFs
  Input should be a valid list [type=list_type, input_value='\n      ', input_type=str]
    For further information visit https://errors.pydantic.dev/2.11/v/list_type'
Traceback (most recent call last):
  File "C:\soap-web-services\server\models\base_model.py", line 149, in from_xml_element
    instance = cls(**data)
               ^^^^^^^^^^^
  File "C:\soap-web-services\.venv\Lib\site-packages\pydantic\main.py", line 253, in __init__
    validated_self = self.__pydantic_validator__.validate_python(data, self_instance=self)
                     ^^^^^^^^^^^^^^^^^^^^^^^^^^^^^^^^^^^^^^^^^^^^^^^^^^^^^^^^^^^^^^^^^^^^^
pydantic_core._pydantic_core.ValidationError: 1 validation error for ReportClaimInput
PDFs
  Input should be a valid list [type=list_type, input_value='\n      ', input_type=str]
    For further information visit https://errors.pydantic.dev/2.11/v/list_type

The above exception was the direct cause of the following exception:

Traceback (most recent call last):
  File "C:\soap-web-services\server\models\base_model.py", line 122, in from_xml_element
    data[field_py_name] = field_type_actual.from_xml_element(el)
                          ^^^^^^^^^^^^^^^^^^^^^^^^^^^^^^^^^^^^^^
  File "C:\soap-web-services\server\models\base_model.py", line 154, in from_xml_element
    raise ValueError(f"Pydantic validation error for {class_name} (XML: <{xml_element.tag}>): {e_pydantic}") from e_pydantic
ValueError: Pydantic validation error for ReportClaimInput (XML: <ReportClaim>): 1 validation error for ReportClaimInput
PDFs
  Input should be a valid list [type=list_type, input_value='\n      ', input_type=str]
    For further information visit https://errors.pydantic.dev/2.11/v/list_type

The above exception was the direct cause of the following exception:

Traceback (most recent call last):
  File "C:\soap-web-services\server\services\soap_service.py", line 262, in SendRequest
    output_xml_payload = service._call_handler_method(handler_name, xml_root, RequestType)
                         ^^^^^^^^^^^^^^^^^^^^^^^^^^^^^^^^^^^^^^^^^^^^^^^^^^^^^^^^^^^^^^^^^
  File "C:\soap-web-services\server\services\soap_service.py", line 104, in _call_handler_method
    result_xml_str = actual_handler(xml_input_root)
                     ^^^^^^^^^^^^^^^^^^^^^^^^^^^^^^
  File "C:\soap-web-services\server\services\soap_service.py", line 194, in _handle_send_claim
    input_data = SendClaimInputData.from_xml_element(xml_input_root)
                 ^^^^^^^^^^^^^^^^^^^^^^^^^^^^^^^^^^^^^^^^^^^^^^^^^^^
  File "C:\soap-web-services\server\models\base_model.py", line 126, in from_xml_element
    raise ValueError(f"Error in nested model <{xml_tag_name}> for {field_py_name}: {e_nested}") from e_nested
ValueError: Error in nested model <ReportClaim> for ReportClaim: Pydantic validation error for ReportClaimInput (XML: <ReportClaim>): 1 validation error for ReportClaimInput
PDFs
  Input should be a valid list [type=list_type, input_value='\n      ', input_type=str]
    For further information visit https://errors.pydantic.dev/2.11/v/list_type
2025-05-24 21:39:42,974 - services.soap_service - WARNING - soap_service:_get_pdf_compliant_error_message:91 - [SendRequest(User='admin', ReqType='SendClaim')] Pydantic validation failed, mapping to 'Invalid XML': Error in nested model <ReportClaim> for ReportClaim: Pydantic validation error for ReportClaimInput (XML: <ReportClaim>): 1 validation error for ReportClaimInput
PDFs
  Input should be a valid list [type=list_type, input_value='\n      ', input_type=str]
    For further information visit https://errors.pydantic.dev/2.11/v/list_type
2025-05-24 21:39:42,974 - services.soap_service - DEBUG - soap_service:_create_error_payload_xml_str:65 - Created error XML payload: <?xml version='1.0' encoding='utf-8'?>
<root><Error>Invalid XML</Error></root>
2025-05-24 21:39:42,974 - services.soap_service - INFO - soap_service:SendRequest:292 - SendRequest(User='admin', ReqType='SendClaim'): Completed with status 0
2025-05-24 21:39:42,986 - spyne - DEBUG - context:close:406 - gc.collect() took around 10ms.
2025-05-24 22:34:26,829 - __main__ - INFO - app:run_server:126 - 
🛑 Server stopped by user (Ctrl+C).
2025-05-24 22:34:29,832 - root - INFO - logger:setup_logging:63 - Root logging configured. Level: DEBUG. Output to console. Output to file: logs/server_app.log.
2025-05-24 22:34:29,832 - __main__ - INFO - app:create_soap_application:34 - Creating Spyne SOAP application.
2025-05-24 22:34:29,833 - spyne.application - INFO - application:__init__:118 - Initializing application {insurance.services}Application...
2025-05-24 22:34:29,833 - spyne.interface._base - DEBUG - _base:populate_interface:332 - populating services.soap_service.InsuranceSoapService types...
2025-05-24 22:34:29,833 - spyne.interface._base - DEBUG - _base:populate_interface:352 -   enumerating classes for method 'SendRequest'
2025-05-24 22:34:29,834 - spyne.interface._base - DEBUG - _base:add_class:442 -     adding class "<class 'spyne.model.complex.SendRequest'>" for '{insurance.services}SendRequest'
2025-05-24 22:34:29,834 - spyne.interface._base - DEBUG - _base:add_class:481 -     adding SendRequest.UserName = <class 'spyne.model.primitive.string.Unicode'>
2025-05-24 22:34:29,834 - spyne.interface._base - DEBUG - _base:add_class:442 -     adding class "<class 'spyne.model.primitive.string.Unicode'>" for '{http://www.w3.org/2001/XMLSchema}string'
2025-05-24 22:34:29,835 - spyne.interface._base - DEBUG - _base:add_class:481 -     adding SendRequest.Password = <class 'spyne.model.primitive.string.Unicode'>
2025-05-24 22:34:29,835 - spyne.interface._base - DEBUG - _base:add_class:481 -     adding SendRequest.RequestType = <class 'spyne.model.primitive.string.Unicode'>
2025-05-24 22:34:29,835 - spyne.interface._base - DEBUG - _base:add_class:481 -     adding SendRequest.XMLData = <class 'spyne.model.primitive.string.Unicode'>
2025-05-24 22:34:29,836 - spyne.interface._base - DEBUG - _base:add_class:442 -     adding class "<class 'spyne.model.complex.SendRequestResponse'>" for '{insurance.services}SendRequestResponse'
2025-05-24 22:34:29,836 - spyne.interface._base - DEBUG - _base:add_class:481 -     adding SendRequestResponse.SendRequestResult = <class 'models.soap_responses.SendRequestOutput'>
2025-05-24 22:34:29,836 - spyne.interface._base - DEBUG - _base:add_class:442 -     adding class "<class 'models.soap_responses.SendRequestOutput'>" for '{models.soap_responses}SendRequestOutput'
2025-05-24 22:34:29,836 - spyne.interface._base - DEBUG - _base:add_class:494 -     importing 'models.soap_responses' to 'insurance.services' for SendRequestResponse.SendRequestResult(<class 'models.soap_responses.SendRequestOutput'>)
2025-05-24 22:34:29,837 - spyne.interface._base - DEBUG - _base:populate_interface:364 - populating 'services.soap_service.InsuranceSoapService' routes...
2025-05-24 22:34:29,837 - spyne.interface._base - DEBUG - _base:process_method:289 -   adding method InsuranceSoapService.SendRequest to match '{insurance.services}SendRequest' tag.
2025-05-24 22:34:29,837 - spyne.interface._base - DEBUG - _base:populate_interface:396 - From this point on, you're not supposed to make any changes to the class and method structure of the exposed services.
2025-05-24 22:34:29,839 - spyne.interface.xml_schema - DEBUG - _base:build_validation_schema:211 - generating schema for targetNamespace='insurance.services', prefix: 'tns' in dir 'C:\\Users\\SUPPOR~1\\AppData\\Local\\Temp\\spyneyb85z3r8'
2025-05-24 22:34:29,840 - spyne.interface.xml_schema - DEBUG - _base:build_validation_schema:221 - writing 'C:\\Users\\SUPPOR~1\\AppData\\Local\\Temp\\spyneyb85z3r8\\tns.xsd' for ns insurance.services
2025-05-24 22:34:29,840 - spyne.interface.xml_schema - DEBUG - _base:build_validation_schema:221 - writing 'C:\\Users\\SUPPOR~1\\AppData\\Local\\Temp\\spyneyb85z3r8\\s0.xsd' for ns models.soap_responses
2025-05-24 22:34:29,885 - spyne.interface.xml_schema - DEBUG - _base:build_validation_schema:237 - Schema built. Removed 'C:\\Users\\SUPPOR~1\\AppData\\Local\\Temp\\spyneyb85z3r8'
2025-05-24 22:34:29,930 - spyne.util.appreg - DEBUG - appreg:register_application:84 - Registering <spyne.application.Application object at 0x0000017B8F2A7A90> as ('insurance.services', 'Application')
2025-05-24 22:34:29,930 - __main__ - INFO - app:create_soap_application:41 - Spyne application created.
2025-05-24 22:34:29,942 - __main__ - INFO - app:run_server:84 - Attempting to configure SSL.
2025-05-24 22:34:29,943 - __main__ - INFO - app:validate_ssl_files:51 - Validating SSL certificate: C:\soap-web-services\server\ssl\cert.pem and key: C:\soap-web-services\server\ssl\key.pem
2025-05-24 22:34:29,968 - __main__ - INFO - app:validate_ssl_files:56 - SSL certificate and key validated successfully.
2025-05-24 22:34:29,971 - __main__ - INFO - app:run_server:102 - 🔐 SSL enabled successfully using:
2025-05-24 22:34:29,972 - __main__ - INFO - app:run_server:103 -     Certificate: C:\soap-web-services\server\ssl\cert.pem
2025-05-24 22:34:29,972 - __main__ - INFO - app:run_server:104 -     Private Key: C:\soap-web-services\server\ssl\key.pem
2025-05-24 22:34:29,972 - __main__ - INFO - app:run_server:118 - 
🌍 Starting SOAP server at https://localhost:8000
2025-05-24 22:34:29,973 - __main__ - INFO - app:run_server:119 -    WSDL available at: https://localhost:8000/?wsdl
2025-05-24 22:34:29,973 - __main__ - INFO - app:run_server:120 - ⚙️  System mode: TEST
2025-05-24 22:34:29,973 - __main__ - INFO - app:run_server:121 - 🛑 Press Ctrl+C to stop

2025-05-24 22:34:35,904 - spyne.server.wsgi - DEBUG - wsgi:_get_http_headers:155 - Add http header 'host' = ['localhost:8000']
2025-05-24 22:34:35,904 - spyne.server.wsgi - DEBUG - wsgi:_get_http_headers:155 - Add http header 'user_agent' = ['Zeep/4.3.1 (www.python-zeep.org)']
2025-05-24 22:34:35,904 - spyne.server.wsgi - DEBUG - wsgi:_get_http_headers:155 - Add http header 'accept_encoding' = ['gzip, deflate']
2025-05-24 22:34:35,904 - spyne.server.wsgi - DEBUG - wsgi:_get_http_headers:155 - Add http header 'accept' = ['*/*']
2025-05-24 22:34:35,905 - spyne.server.wsgi - DEBUG - wsgi:_get_http_headers:155 - Add http header 'connection' = ['keep-alive']
2025-05-24 22:34:35,916 - spyne - DEBUG - context:close:406 - gc.collect() took around 10ms.
2025-05-24 22:34:38,041 - spyne.server.wsgi - DEBUG - wsgi:_get_http_headers:155 - Add http header 'host' = ['localhost:8000']
2025-05-24 22:34:38,042 - spyne.server.wsgi - DEBUG - wsgi:_get_http_headers:155 - Add http header 'user_agent' = ['Zeep/4.3.1 (www.python-zeep.org)']
2025-05-24 22:34:38,042 - spyne.server.wsgi - DEBUG - wsgi:_get_http_headers:155 - Add http header 'accept_encoding' = ['gzip, deflate']
2025-05-24 22:34:38,042 - spyne.server.wsgi - DEBUG - wsgi:_get_http_headers:155 - Add http header 'accept' = ['*/*']
2025-05-24 22:34:38,042 - spyne.server.wsgi - DEBUG - wsgi:_get_http_headers:155 - Add http header 'connection' = ['keep-alive']
2025-05-24 22:34:38,042 - spyne.server.wsgi - DEBUG - wsgi:_get_http_headers:155 - Add http header 'soapaction' = ['"SendRequest"']
2025-05-24 22:34:38,043 - services.soap_service - INFO - soap_service:__init__:37 - DataSecurity initialized successfully in InsuranceSoapService instance (id: 1630175751696).
2025-05-24 22:34:38,043 - services.soap_service - DEBUG - soap_service:SendRequest:223 - SendRequest called. Service instance id: 1630175751696
2025-05-24 22:34:38,043 - services.soap_service - INFO - soap_service:SendRequest:225 - SendRequest(User='admin', ReqType='SendClaim'): Received request
2025-05-24 22:34:38,043 - services.soap_service - DEBUG - soap_service:SendRequest:233 - SendRequest(User='admin', ReqType='SendClaim'): Authenticating...
2025-05-24 22:34:38,044 - services.soap_service - DEBUG - soap_service:SendRequest:238 - SendRequest(User='admin', ReqType='SendClaim'): Decrypting payload...
2025-05-24 22:34:38,045 - services.soap_service - DEBUG - soap_service:SendRequest:244 - SendRequest(User='admin', ReqType='SendClaim'): Parsing XML...
2025-05-24 22:34:38,045 - services.soap_service - INFO - soap_service:_call_handler_method:100 - [Handler:SendClaim] Starting processing.
2025-05-24 22:34:38,049 - models.base_model - ERROR - base_model:from_xml_element:122 - Pydantic validation error creating ReportClaimInput from XML element <ReportClaim>: 1 validation error for ReportClaimInput
PDFs.0
  Input should be a valid string [type=string_type, input_value=None, input_type=NoneType]
    For further information visit https://errors.pydantic.dev/2.11/v/string_type. Processed data: {'ClaimRegistrationCreated': '2025-02-07T14:26:00+01:00', 'CurrencyCode': 'MKD', 'ClaimDate': '2025-02-01T00:00:00+01:00', 'Type': 'DEATH_ACC', 'ClaimDescription': 'Test claim description', 'ClaimPlace_CountryCode': 'HU', 'ClaimPlace_Address': 'Test Address 123', 'Beneficiary_Individual': 'INDIVIDUAL', 'Beneficiary_LastName': 'Beneficiary', 'Beneficiary_FirstName': 'Test', 'Beneficiary_CountryCode': 'HU', 'Beneficiary_Zip': '1062', 'Beneficiary_City': 'BUDAPEST', 'Beneficiary_Address': 'Test Address 123', 'Beneficiary_Street': 'Test Street', 'Beneficiary_PhoneNumber1': '+3612345678', 'Beneficiary_Email': 'beneficiary@example.com', 'PDFs': [None]}
Traceback (most recent call last):
  File "C:\soap-web-services\server\models\base_model.py", line 119, in from_xml_element
    instance = cls(**data)
               ^^^^^^^^^^^
  File "C:\soap-web-services\.venv\Lib\site-packages\pydantic\main.py", line 253, in __init__
    validated_self = self.__pydantic_validator__.validate_python(data, self_instance=self)
                     ^^^^^^^^^^^^^^^^^^^^^^^^^^^^^^^^^^^^^^^^^^^^^^^^^^^^^^^^^^^^^^^^^^^^^
pydantic_core._pydantic_core.ValidationError: 1 validation error for ReportClaimInput
PDFs.0
  Input should be a valid string [type=string_type, input_value=None, input_type=NoneType]
    For further information visit https://errors.pydantic.dev/2.11/v/string_type
2025-05-24 22:34:38,070 - models.base_model - ERROR - base_model:from_xml_element:103 - Error parsing nested model <ReportClaim> for SendClaimInputData.ReportClaim: Pydantic validation error for ReportClaimInput (XML: <ReportClaim>): 1 validation error for ReportClaimInput
PDFs.0
  Input should be a valid string [type=string_type, input_value=None, input_type=NoneType]
    For further information visit https://errors.pydantic.dev/2.11/v/string_type
2025-05-24 22:34:38,071 - services.soap_service - ERROR - soap_service:_call_handler_method:108 - [Handler:SendClaim] ValueError during processing: Error in nested model <ReportClaim> for ReportClaim: Pydantic validation error for ReportClaimInput (XML: <ReportClaim>): 1 validation error for ReportClaimInput
PDFs.0
  Input should be a valid string [type=string_type, input_value=None, input_type=NoneType]
    For further information visit https://errors.pydantic.dev/2.11/v/string_type
Traceback (most recent call last):
  File "C:\soap-web-services\server\models\base_model.py", line 119, in from_xml_element
    instance = cls(**data)
               ^^^^^^^^^^^
  File "C:\soap-web-services\.venv\Lib\site-packages\pydantic\main.py", line 253, in __init__
    validated_self = self.__pydantic_validator__.validate_python(data, self_instance=self)
                     ^^^^^^^^^^^^^^^^^^^^^^^^^^^^^^^^^^^^^^^^^^^^^^^^^^^^^^^^^^^^^^^^^^^^^
pydantic_core._pydantic_core.ValidationError: 1 validation error for ReportClaimInput
PDFs.0
  Input should be a valid string [type=string_type, input_value=None, input_type=NoneType]
    For further information visit https://errors.pydantic.dev/2.11/v/string_type

The above exception was the direct cause of the following exception:

Traceback (most recent call last):
  File "C:\soap-web-services\server\models\base_model.py", line 101, in from_xml_element
    data[field_py_name] = field_type_actual.from_xml_element(el)
                          ^^^^^^^^^^^^^^^^^^^^^^^^^^^^^^^^^^^^^^
  File "C:\soap-web-services\server\models\base_model.py", line 123, in from_xml_element
    raise ValueError(f"Pydantic validation error for {class_name} (XML: <{xml_element.tag}>): {e_pydantic}") from e_pydantic
ValueError: Pydantic validation error for ReportClaimInput (XML: <ReportClaim>): 1 validation error for ReportClaimInput
PDFs.0
  Input should be a valid string [type=string_type, input_value=None, input_type=NoneType]
    For further information visit https://errors.pydantic.dev/2.11/v/string_type

The above exception was the direct cause of the following exception:

Traceback (most recent call last):
  File "C:\soap-web-services\server\services\soap_service.py", line 104, in _call_handler_method
    result_xml_str = actual_handler(xml_input_root)
                     ^^^^^^^^^^^^^^^^^^^^^^^^^^^^^^
  File "C:\soap-web-services\server\services\soap_service.py", line 194, in _handle_send_claim
    input_data = SendClaimInputData.from_xml_element(xml_input_root)
                 ^^^^^^^^^^^^^^^^^^^^^^^^^^^^^^^^^^^^^^^^^^^^^^^^^^^
  File "C:\soap-web-services\server\models\base_model.py", line 104, in from_xml_element
    raise ValueError(f"Error in nested model <{xml_tag_name}> for {field_py_name}: {e_nested}") from e_nested
ValueError: Error in nested model <ReportClaim> for ReportClaim: Pydantic validation error for ReportClaimInput (XML: <ReportClaim>): 1 validation error for ReportClaimInput
PDFs.0
  Input should be a valid string [type=string_type, input_value=None, input_type=NoneType]
    For further information visit https://errors.pydantic.dev/2.11/v/string_type
2025-05-24 22:34:38,085 - services.soap_service - ERROR - soap_service:SendRequest:265 - SendRequest(User='admin', ReqType='SendClaim'): Processing error: ValueError - Error in nested model <ReportClaim> for ReportClaim: Pydantic validation error for ReportClaimInput (XML: <ReportClaim>): 1 validation error for ReportClaimInput
PDFs.0
  Input should be a valid string [type=string_type, input_value=None, input_type=NoneType]
    For further information visit https://errors.pydantic.dev/2.11/v/string_type
Traceback (most recent call last):
  File "C:\soap-web-services\server\models\base_model.py", line 119, in from_xml_element
    instance = cls(**data)
               ^^^^^^^^^^^
  File "C:\soap-web-services\.venv\Lib\site-packages\pydantic\main.py", line 253, in __init__
    validated_self = self.__pydantic_validator__.validate_python(data, self_instance=self)
                     ^^^^^^^^^^^^^^^^^^^^^^^^^^^^^^^^^^^^^^^^^^^^^^^^^^^^^^^^^^^^^^^^^^^^^
pydantic_core._pydantic_core.ValidationError: 1 validation error for ReportClaimInput
PDFs.0
  Input should be a valid string [type=string_type, input_value=None, input_type=NoneType]
    For further information visit https://errors.pydantic.dev/2.11/v/string_type

The above exception was the direct cause of the following exception:

Traceback (most recent call last):
  File "C:\soap-web-services\server\models\base_model.py", line 101, in from_xml_element
    data[field_py_name] = field_type_actual.from_xml_element(el)
                          ^^^^^^^^^^^^^^^^^^^^^^^^^^^^^^^^^^^^^^
  File "C:\soap-web-services\server\models\base_model.py", line 123, in from_xml_element
    raise ValueError(f"Pydantic validation error for {class_name} (XML: <{xml_element.tag}>): {e_pydantic}") from e_pydantic
ValueError: Pydantic validation error for ReportClaimInput (XML: <ReportClaim>): 1 validation error for ReportClaimInput
PDFs.0
  Input should be a valid string [type=string_type, input_value=None, input_type=NoneType]
    For further information visit https://errors.pydantic.dev/2.11/v/string_type

The above exception was the direct cause of the following exception:

Traceback (most recent call last):
  File "C:\soap-web-services\server\services\soap_service.py", line 262, in SendRequest
    output_xml_payload = service._call_handler_method(handler_name, xml_root, RequestType)
                         ^^^^^^^^^^^^^^^^^^^^^^^^^^^^^^^^^^^^^^^^^^^^^^^^^^^^^^^^^^^^^^^^^
  File "C:\soap-web-services\server\services\soap_service.py", line 104, in _call_handler_method
    result_xml_str = actual_handler(xml_input_root)
                     ^^^^^^^^^^^^^^^^^^^^^^^^^^^^^^
  File "C:\soap-web-services\server\services\soap_service.py", line 194, in _handle_send_claim
    input_data = SendClaimInputData.from_xml_element(xml_input_root)
                 ^^^^^^^^^^^^^^^^^^^^^^^^^^^^^^^^^^^^^^^^^^^^^^^^^^^
  File "C:\soap-web-services\server\models\base_model.py", line 104, in from_xml_element
    raise ValueError(f"Error in nested model <{xml_tag_name}> for {field_py_name}: {e_nested}") from e_nested
ValueError: Error in nested model <ReportClaim> for ReportClaim: Pydantic validation error for ReportClaimInput (XML: <ReportClaim>): 1 validation error for ReportClaimInput
PDFs.0
  Input should be a valid string [type=string_type, input_value=None, input_type=NoneType]
    For further information visit https://errors.pydantic.dev/2.11/v/string_type
2025-05-24 22:34:38,086 - services.soap_service - DEBUG - soap_service:_get_pdf_compliant_error_message:75 - [SendRequest(User='admin', ReqType='SendClaim')] Mapping exception: ValueError - 'Error in nested model <ReportClaim> for ReportClaim: Pydantic validation error for ReportClaimInput (XML: <ReportClaim>): 1 validation error for ReportClaimInput
PDFs.0
  Input should be a valid string [type=string_type, input_value=None, input_type=NoneType]
    For further information visit https://errors.pydantic.dev/2.11/v/string_type'
Traceback (most recent call last):
  File "C:\soap-web-services\server\models\base_model.py", line 119, in from_xml_element
    instance = cls(**data)
               ^^^^^^^^^^^
  File "C:\soap-web-services\.venv\Lib\site-packages\pydantic\main.py", line 253, in __init__
    validated_self = self.__pydantic_validator__.validate_python(data, self_instance=self)
                     ^^^^^^^^^^^^^^^^^^^^^^^^^^^^^^^^^^^^^^^^^^^^^^^^^^^^^^^^^^^^^^^^^^^^^
pydantic_core._pydantic_core.ValidationError: 1 validation error for ReportClaimInput
PDFs.0
  Input should be a valid string [type=string_type, input_value=None, input_type=NoneType]
    For further information visit https://errors.pydantic.dev/2.11/v/string_type

The above exception was the direct cause of the following exception:

Traceback (most recent call last):
  File "C:\soap-web-services\server\models\base_model.py", line 101, in from_xml_element
    data[field_py_name] = field_type_actual.from_xml_element(el)
                          ^^^^^^^^^^^^^^^^^^^^^^^^^^^^^^^^^^^^^^
  File "C:\soap-web-services\server\models\base_model.py", line 123, in from_xml_element
    raise ValueError(f"Pydantic validation error for {class_name} (XML: <{xml_element.tag}>): {e_pydantic}") from e_pydantic
ValueError: Pydantic validation error for ReportClaimInput (XML: <ReportClaim>): 1 validation error for ReportClaimInput
PDFs.0
  Input should be a valid string [type=string_type, input_value=None, input_type=NoneType]
    For further information visit https://errors.pydantic.dev/2.11/v/string_type

The above exception was the direct cause of the following exception:

Traceback (most recent call last):
  File "C:\soap-web-services\server\services\soap_service.py", line 262, in SendRequest
    output_xml_payload = service._call_handler_method(handler_name, xml_root, RequestType)
                         ^^^^^^^^^^^^^^^^^^^^^^^^^^^^^^^^^^^^^^^^^^^^^^^^^^^^^^^^^^^^^^^^^
  File "C:\soap-web-services\server\services\soap_service.py", line 104, in _call_handler_method
    result_xml_str = actual_handler(xml_input_root)
                     ^^^^^^^^^^^^^^^^^^^^^^^^^^^^^^
  File "C:\soap-web-services\server\services\soap_service.py", line 194, in _handle_send_claim
    input_data = SendClaimInputData.from_xml_element(xml_input_root)
                 ^^^^^^^^^^^^^^^^^^^^^^^^^^^^^^^^^^^^^^^^^^^^^^^^^^^
  File "C:\soap-web-services\server\models\base_model.py", line 104, in from_xml_element
    raise ValueError(f"Error in nested model <{xml_tag_name}> for {field_py_name}: {e_nested}") from e_nested
ValueError: Error in nested model <ReportClaim> for ReportClaim: Pydantic validation error for ReportClaimInput (XML: <ReportClaim>): 1 validation error for ReportClaimInput
PDFs.0
  Input should be a valid string [type=string_type, input_value=None, input_type=NoneType]
    For further information visit https://errors.pydantic.dev/2.11/v/string_type
2025-05-24 22:34:38,087 - services.soap_service - WARNING - soap_service:_get_pdf_compliant_error_message:91 - [SendRequest(User='admin', ReqType='SendClaim')] Pydantic validation failed, mapping to 'Invalid XML': Error in nested model <ReportClaim> for ReportClaim: Pydantic validation error for ReportClaimInput (XML: <ReportClaim>): 1 validation error for ReportClaimInput
PDFs.0
  Input should be a valid string [type=string_type, input_value=None, input_type=NoneType]
    For further information visit https://errors.pydantic.dev/2.11/v/string_type
2025-05-24 22:34:38,087 - services.soap_service - DEBUG - soap_service:_create_error_payload_xml_str:65 - Created error XML payload: <?xml version='1.0' encoding='utf-8'?>
<root><Error>Invalid XML</Error></root>
2025-05-24 22:34:38,087 - services.soap_service - INFO - soap_service:SendRequest:292 - SendRequest(User='admin', ReqType='SendClaim'): Completed with status 0
2025-05-24 22:34:38,102 - spyne - DEBUG - context:close:406 - gc.collect() took around 10ms.
2025-05-24 22:38:37,482 - __main__ - INFO - app:run_server:126 - 
🛑 Server stopped by user (Ctrl+C).
